aun,school_num,location_id,school_name,school_name_label,street_address,zip_code,phone_number,grade_level,grade_org,enrollment,type,type_specific,objectid,Shape__Area,Shape__Length
126515001,6533,1350,"LONGSTRETH, WILLIAM C. SCHOOL",WILLIAM C. LONGSTRETH SCHOOL,5700 WILLOWS AVE,19143,(215) 400-7870,ELEMENTARY/MIDDLE,K-8,259,1,DISTRICT,1,14109.26171875,495.397566117824
126515001,5293,5350,"MCKINLEY, WILLIAM SCHOOL",WILLIAM MCKINLEY SCHOOL,2101 N ORKNEY ST,19122,(215) 400-7440,ELEMENTARY/MIDDLE,K-8,275,1,DISTRICT,2,19454.24609375,609.337711759019
126515001,7521,5500,"MARSHALL, THURGOOD SCHOOL",THURGOOD MARSHALL SCHOOL,5120 N 6TH ST,19120,(215) 400-3770,ELEMENTARY/MIDDLE,K-8,551,1,DISTRICT,3,16262.0625,665.97327904459
126515001,3795,4360,KENDERTON ELEMENTARY,KENDERTON ELEMENTARY SCHOOL,1500 W ONTARIO ST,19140,(215) 400-8340,ELEMENTARY/MIDDLE,K-8,271,1,DISTRICT,4,10941.6796875,456.660212589671
226512587,,,NEW MEDINA LEARNING INSTITUTE,NEW MEDINA LEARNING INSTITUTE,"7401 LIMEKILN PIKE, 2ND FLOOR",19138,(215) 298-9994,ELEMENTARY/MIDDLE/HIGH,K-12,,3,PRIVATE,5,7896.4296875,402.808348748124
126515001,3701,5400,RICHMOND SCHOOL,RICHMOND SCHOOL,2944 BELGRADE ST,19134,(215) 400-7150,ELEMENTARY SCHOOL,K-5,332,1,DISTRICT,6,7715.890625,363.794557261422
226510020,,,NEW LIFE ALTERNATIVES CHRISTIAN ACADEMY,NEW LIFE ALTERNATIVES CHRISTIAN ACADEMY,1993-95 N 63RD ST,19151,(215) 921-6776,ELEMENTARY SCHOOL,PREK-7,,3,PRIVATE,7,419.99609375,87.963908209937
126515001,3804,1460,"ANDERSON, ADD B. SCHOOL",ADD B. ANDERSON SCHOOL,1034 S 60TH ST,19143,(215) 400-7890,ELEMENTARY/MIDDLE,K-8,318,1,DISTRICT,8,15161.22265625,564.498226896578
126513452,8205,3414,OLNEY HIGH SCHOOL,OLNEY HIGH SCHOOL,100 W DUNCANNON AVE,19120,(215) 400-9140,HIGH SCHOOL,9-12,1036,1,DISTRICT,9,45069.03515625,860.835428866219
226515412,,,WILLIAM PENN CHARTER SCHOOL,WILLIAM PENN CHARTER SCHOOL,3000 W SCHOOL HOUSE LN,19144,(215) 844-3460,ELEMENTARY/MIDDLE/HIGH,PREK-12,,3,PRIVATE,10,155471.01171875,1748.99315155361
126515001,5121,5390,POTTER-THOMAS SCHOOL,POTTER-THOMAS SCHOOL,3001 N 6TH ST,19133,(215) 400-7120,ELEMENTARY/MIDDLE,K-8,341,1,DISTRICT,11,25888.94140625,658.777165293065
100510000,7744,3364,FIRST PHILADELPHIA CHARTER,FIRST PHILADELPHIA PREPARATORY CHARTER SCHOOL,4300 TACONY ST,19124,(215) 743-3100,ELEMENTARY/MIDDLE/HIGH,K-12,1880,2,CHARTER,12,45133.98046875,1074.90155764382
126511530,,,FREIRE CHARTER SCHOOL,FREIRE CHARTER SCHOOL,1026 MARKET ST,19107,(267) 670-7499,MIDDLE SCHOOL,5-8,,2,CHARTER,13,4441.63671875,267.302071859491
126515001,7813,6090,RANDOLPH TECHNICAL HIGH SCHOOL,A. PHILIP RANDOLPH CAREER AND TECHNICAL HIGH SCHOOL,3101 HENRY AVE,19129,(215) 400-3840,HIGH SCHOOL,9-12,403,1,DISTRICT,14,58932.38671875,1023.77708565691
226518302,,,ST JOSEPH'S PREPARATORY SCHOOL,ST JOSEPH'S PREPARATORY SCHOOL,1733 W GIRARD AVE,19130,(215) 978-1950,HIGH SCHOOL,9-12,,3,PRIVATE,15,29945.7109375,778.811011463639
226511922,,,GREATER HOPE CHRISTIAN ACADEMY,GREATER HOPE CHRISTIAN ACADEMY,7029 WOODLAND AVE,19142,(215) 729-0374,ELEMENTARY/MIDDLE/HIGH,PREK-12,,3,PRIVATE,16,2056.3984375,226.203952191287
126515001,3849,5020,"EDISON, THOMAS A. HIGH SCHOOL",THOMAS A. EDISON HIGH SCHOOL,151 W LUZERNE ST,19140,(215) 400-3900,HIGH SCHOOL,9-12,1022,1,DISTRICT,17,162866.1328125,1632.97925889045
126515001,7253,8120,CASTOR GARDENS MIDDLE SCHOOL,CASTOR GARDENS MIDDLE SCHOOL,1800 COTTMAN AVE,19111,(215) 400-3190,MIDDLE SCHOOL,6-8,1340,1,DISTRICT,18,23324.35546875,687.986788333999
126515001,3620,2240,"BREGY, F. AMEDEE SCHOOL",F. AMEDEE BREGY SCHOOL,1700 BIGLER ST,19145,(215) 400-8210,ELEMENTARY/MIDDLE,K-8,244,1,DISTRICT,19,18116.6640625,542.034206217004
126515001,3663,1490,"BLANKENBURG, RUDOLPH SCHOOL",RUDOLPH BLANKENBURG SCHOOL,4600 W GIRARD AVE,19131,(215) 400-7280,ELEMENTARY/MIDDLE,K-8,228,1,DISTRICT,20,22231.4921875,719.049512651571
126510021,7857,3384,FOLK ARTS CULTURAL TREASURES,FOLK ARTS-CULTURAL TREASURES CHARTER SCHOOL,1023 CALLOWHILL ST,19123,(215) 569-2600,ELEMENTARY/MIDDLE,K-8,497,2,CHARTER,21,3873.7265625,267.834526028227
126515001,3797,7360,"MARSHALL, JOHN SCHOOL",JOHN MARSHALL SCHOOL,4500 GRISCOM ST,19124,(215) 400-3950,ELEMENTARY SCHOOL,K-5,243,1,DISTRICT,22,5588.9765625,307.722010989827
126513510,7683,3341,INDEPENDENCE CHARTER SCHOOL,INDEPENDENCE CHARTER SCHOOL,1600 LOMBARD ST,19146,(215) 238-8000,ELEMENTARY/MIDDLE,K-8,833,2,CHARTER,23,5864.55859375,328.692267071286
126513290,7588,3323,MASTERY CHARTER AT HARDY WILLIAMS,MASTERY CHARTER SCHOOL AT HARDY WILLIAMS,5400 WARRINGTON AVE,19143,(215) 724-2343,ELEMENTARY/MIDDLE/HIGH,K-12,1211,2,CHARTER,24,20050.5859375,581.930272892648
126515001,3615,1420,"WASHINGTON, MARTHA SCHOOL",MARTHA WASHINGTON SCHOOL,766 N 44TH ST,19104,(215) 400-7770,ELEMENTARY/MIDDLE,K-8,213,1,DISTRICT,25,21918.296875,594.396304404918
126515001,3684,5210,"BROWN, HENRY A. SCHOOL",HENRY A. BROWN SCHOOL,1946 E SERGEANT ST,19125,(215) 400-7490,ELEMENTARY/MIDDLE,K-8,319,1,DISTRICT,26,6623.4609375,343.380398753321
126515001,3657,2690,"TAGGART, JOHN H. SCHOOL",JOHN H. TAGGART SCHOOL,400 W PORTER ST,19148,(215) 400-8290,ELEMENTARY/MIDDLE,K-8,485,1,DISTRICT,27,13423.6171875,475.086337713154
226518662,,,ST MALACHY SCHOOL,ST MALACHY SCHOOL,1012 W THOMPSON ST,19122,(215) 232-0696,ELEMENTARY/MIDDLE,PREK-8,,3,PRIVATE,28,18729.0234375,568.503516409168
126515001,6535,1380,"MORTON, THOMAS G. SCHOOL",THOMAS G. MORTON SCHOOL,2501 S 63RD ST,19142,(215) 400-8160,ELEMENTARY SCHOOL,K-5,363,1,DISTRICT,29,7951.6953125,359.041389743952
126515001,3742,7300,"HOPKINSON, FRANCIS SCHOOL",FRANCIS HOPKINSON SCHOOL,4001 L ST,19124,(215) 400-3970,ELEMENTARY/MIDDLE,K-8,547,1,DISTRICT,30,15251.640625,542.984669376169
326510060,,,HOPE PARTNERSHIP FOR EDUCATION,HOPE PARTNERSHIP FOR EDUCATION,2601 N 11TH ST,19133,(215) 232-5410,MIDDLE SCHOOL,5-8,,3,PRIVATE,31,4333.8671875,272.361775729736
126519476,8206,3419,LINDLEY ACADEMY CHARTER @ BIRNEY,GENERAL DAVID B BIRNEY CHARTER SCHOOL,900 LINDLEY AVE,19141,(215) 456-3000,ELEMENTARY/MIDDLE,K-8,721,2,CHARTER,32,12630.265625,523.308644564846
126515001,3611,1360,"MC MICHAEL, MORTON SCHOOL",MORTON MCMICHAEL SCHOOL,3543 FAIRMOUNT AVE,19104,(215) 400-7750,ELEMENTARY/MIDDLE,K-8,286,1,DISTRICT,33,19929.44921875,564.691618573668
226519042,,,ST ANTHONY OF PADUA REGIONAL CATHOLIC SCHOOL,ST ANTHONY OF PADUA REGIONAL CATHOLIC SCHOOL,913 PIERCE ST,19148,(215) 468-0353,ELEMENTARY/MIDDLE,PREK-8,,3,ARCHDIOCESE,34,493.51171875,88.9359784652299
226517510,,,CITY SCHOOL AT FAIRMOUNT,THE CITY SCHOOL AT FAIRMOUNT,860 N 24TH ST,19130,(215) 769-5363,ELEMENTARY SCHOOL,K-5,,3,PRIVATE,35,2611.24609375,204.897931558287
126515001,4726,8430,"GREENBERG, JOSEPH SCHOOL",JOSEPH GREENBERG SCHOOL,600 SHARON LN,19115,(215) 400-3080,ELEMENTARY/MIDDLE,K-8,1048,1,DISTRICT,36,24087.9921875,690.116053941357
126515001,7228,2540,"KEY, FRANCIS SCOTT SCHOOL",FRANCIS S. KEY SCHOOL,2230 S 8TH ST,19148,(215) 400-8250,ELEMENTARY SCHOOL,K-6,349,1,DISTRICT,37,5120.390625,304.252691271883
226510073,,,ST JAMES SCHOOL,ST JAMES SCHOOL,3201-29 W CLEARFIELD ST,19132,(215) 226-1276,MIDDLE SCHOOL,4-8,,3,PRIVATE,38,11230.55078125,457.823069800794
126515001,3668,4280,"GOMPERS, SAMUEL SCHOOL",SAMUEL GOMPERS SCHOOL,5701 WYNNEFIELD AVE,19131,(215) 400-7250,ELEMENTARY/MIDDLE,K-8,236,1,DISTRICT,39,32265.73828125,780.352418818644
126517286,8151,3409,MASTERY CHARTER @ SMEDLEY,MASTERY CHARTER SCHOOL AT SMEDLEY,1790 BRIDGE ST,19124,(215) 537-2523,ELEMENTARY SCHOOL,K-6,737,2,CHARTER,40,11927.2890625,464.473143857371
,,3374,ALLIANCE FOR PROGRESS CHARTER SCHOOL (ANNEX),ALLIANCE FOR PROGRESS CHARTER SCHOOL (ANNEX),1821 CECIL B MOORE AVE,19121,(215) 232-4892,MIDDLE SCHOOL,6-8,,2,CHARTER,41,2770.14453125,219.771069085314
126515001,,2680,SCIENCE LEADERSHIP ACADEMY AT BEEBER,THE SCIENCE LEADERSHIP ACADEMY AT BEEBER,5925 MALVERN AVE,19131,(215) 400-7270,MIDDLE/HIGH,5-12,492,1,DISTRICT,42,19760.95703125,572.308473143048
226517902,,,ST HELENA INCARNATION REGIONAL CATHOLIC SCHOOL,ST HELENA INCARNATION SCHOOL,6101 N 5TH ST,19120,(215) 549-2947,ELEMENTARY/MIDDLE,PREK-8,,3,PRIVATE,43,7480.59765625,347.532827624684
126511748,8208,3415,MASTERY CHARTER @ CLYMER,MASTERY CHARTER SCHOOL AT CLYMER,1201 W RUSH ST,19133,(215) 223-2243,ELEMENTARY SCHOOL,K-6,417,2,CHARTER,44,7587.8046875,411.896082925487
126515001,4961,8440,"LOESCHE, WILLIAM H. SCHOOL",WILLIAM H. LOESCHE SCHOOL,595 TOMLINSON RD,19116,(215) 400-3020,ELEMENTARY SCHOOL,K-5,1276,1,DISTRICT,45,53526.60546875,937.289211619858
126515001,7022,1580,MYA-MIDDLE YEARS ALTERNATIVE,MIDDLE YEARS ALTERNATIVE SCHOOL,4725 FAIRMOUNT AVE,19139,(215) 400-7720,MIDDLE SCHOOL,5-8,122,1,DISTRICT,46,15608.6328125,503.627428929743
126515001,7808,5090,PARKWAY WEST HIGH SCHOOL,PARKWAY WEST HIGH SCHOOL,4725 FAIRMOUNT AVE,19139,(215) 400-7710,HIGH SCHOOL,9-12,140,1,DISTRICT,47,15608.6328125,503.627428929743
126513110,7565,3310,LAB SCH OF COMMUNICAT'N & LANG,LABORATORY CHARTER SCHOOL OF COMMUNICATION AND LANGUAGES,926 W SEDGLEY AVE,19140,(215) 574-1680,ELEMENTARY SCHOOL,K-5,375,2,CHARTER,48,4404.9375,295.125543696532
126515001,7815,1190,MOTIVATION HIGH SCHOOL,MOTIVATION HIGH SCHOOL,5900 BALTIMORE AVE,19143,(215) 400-7930,HIGH SCHOOL,9-12,151,1,DISTRICT,49,47956.20703125,1019.28796010832
226510695,,,BEULAH BAPTIST CHRISTIAN DAY SCHOOL,BEULAH BAPTIST CHRISTIAN DAY SCHOOL,5001 SPRUCE ST,19139,(215) 747-3347,ELEMENTARY/MIDDLE,K-8,,3,PRIVATE,50,3525.02734375,255.44235643552
126515001,3739,7270,"FINLETTER, THOMAS K. SCHOOL",THOMAS K. FINLETTER SCHOOL,6100 N FRONT ST,19120,(215) 400-3750,ELEMENTARY/MIDDLE,K-8,577,1,DISTRICT,51,41155.30859375,811.501555323543
126515001,3625,4530,"GIDEON, EDWARD SCHOOL",EDWARD GIDEON SCHOOL,2817 W GLENWOOD AVE,19121,(215) 400-7360,ELEMENTARY/MIDDLE,K-8,184,1,DISTRICT,52,9301.921875,392.215966123732
126515001,5041,8770,HANCOCK DEMONSTRATION SCHOOL,JOHN HANCOCK DEMONSTRATION SCHOOL,3700 MORRELL AVE,19114,(215) 400-3120,ELEMENTARY/MIDDLE,K-5,869,1,DISTRICT,53,27077.9765625,658.98025841969
126515001,6960,4480,OVERBROOK EDUCATIONAL CENTER,OVERBROOK EDUCATIONAL CENTER,6722 LANSDOWNE AVE,19151,(215) 400-7540,ELEMENTARY/MIDDLE,K-8,226,1,DISTRICT,54,2254.890625,189.064985897814
126515001,3763,8240,"DISSTON, HAMILTON SCHOOL",HAMILTON DISSTON SCHOOL,6801 COTTAGE ST,19135,(215) 400-3350,ELEMENTARY/MIDDLE,K-8,686,1,DISTRICT,55,10734.57421875,442.527142536102
126515001,6913,6230,FITLER ACADEMICS PLUS,FITLER ACADEMICS PLUS SCHOOL,140 W SEYMOUR ST,19144,(215) 400-3610,ELEMENTARY/MIDDLE,K-8,177,1,DISTRICT,56,7344.57421875,343.606400408537
126515001,7232,7350,"LOWELL, JAMES R. SCHOOL",JAMES R. LOWELL SCHOOL,450 W NEDRO AVE,19120,(215) 400-3740,ELEMENTARY SCHOOL,K-4,430,1,DISTRICT,57,16982.6015625,564.390855057312
126515001,6522,4350,RHODES ELEMENTARY SCHOOL,E. WASHINGTON RHODES SCHOOL,2900 W CLEARFIELD ST,19132,(215) 400-7060,ELEMENTARY/MIDDLE,K-8,350,1,DISTRICT,58,31224.78125,726.274029579787
226513821,,,VOCATIO CAREER PREP HIGH SCHOOL,VOCATIO CAREER PREP HIGH SCHOOL,4455 N 6TH ST,19140,(267) 603-3093,HIGH SCHOOL,9-12,,3,PRIVATE,59,5361.28515625,295.464832460635
226519222,,,ST RAYMOND OF PENAFORT SCHOOL,ST RAYMOND SCHOOL,7940 WILLIAMS AVE,19150,(215) 548-1919,ELEMENTARY/MIDDLE,K-8,,3,PRIVATE,60,27665.60546875,760.582141225942
126515001,7225,2490,"WARING, LAURA W. SCHOOL",LAURA W. WARING SCHOOL,1801 GREEN ST,19130,(215) 400-7560,ELEMENTARY/MIDDLE,K-8,170,1,DISTRICT,61,8228.89453125,466.924131477885
226512732,,,INTERNATIONAL CHRISTIAN HIGH SCHOOL,INTERNATIONAL CHRISTIAN HIGH SCHOOL,5500 TABOR AVE,19120,(267) 900-2000,HIGH SCHOOL,9-12,,3,PRIVATE,62,56060.15625,969.821907211021
126515001,6767,7730,"CLEMENTE, ROBERTO MIDDLE SCHOOL",ROBERTO CLEMENTE SCHOOL,122 W ERIE AVE,19140,(215) 400-3930,MIDDLE SCHOOL,6-8,279,1,DISTRICT,63,43244.79296875,874.296956877917
126515001,,5660,THE LINC,THE LINC,122 W ERIE AVE,19140,(215) 400-3940,HIGH SCHOOL,9-12,229,1,DISTRICT,64,43244.79296875,874.296956877917
226517652,,,ST FRANCIS XAVIER SCHOOL,ST FRANCIS XAVIER SCHOOL,641-51 N 24TH ST,19130,(215) 763-6564,ELEMENTARY/MIDDLE,PREK-8,,3,ARCHDIOCESE,65,3984.46875,266.567028214169
126515001,3693,5330,"HUNTER, WILLIAM H. SCHOOL",WILLIAM H. HUNTER SCHOOL,2400 N FRONT ST,19133,(215) 400-7110,ELEMENTARY/MIDDLE,K-8,357,1,DISTRICT,66,19255.01953125,592.012103426113
126515001,3841,4060,"DOBBINS, MURRELL HIGH SCHOOL",MURRELL DOBBINS CAREER AND TECHNICAL HIGH SCHOOL,2150 W LEHIGH AVE,19132,(215) 400-7050,HIGH SCHOOL,9-12,535,1,DISTRICT,67,28703.8828125,663.104887650969
226515695,,,SAINTS TABERNACLE DAY SCHOOL,SAINTS TABERNACLE DAY SCHOOL,5800 N MARVINE ST,19141,(215) 548-6011 ,ELEMENTARY SCHOOL,PREK-5,,3,PRIVATE,68,483.28125,91.1065944547475
126515001,7664,2410,GIRARD ACADEMIC MUSIC PROGRAM,GIRARD ACADEMIC MUSIC PROGRAM,2136 W RITNER ST,19145,(215) 400-8230,MIDDLE/HIGH,5-12,666,1,DISTRICT,69,11750.515625,433.930454093749
226511502,,,OUR LADY OF HOPE REGIONAL CATHOLIC SCHOOL,OUR LADY OF HOPE,1248 JACKSON ST,19148,(215) 467-5385,ELEMENTARY/MIDDLE,PREK-8,,3,ARCHDIOCESE,70,2703.01171875,209.719143192774
326517786,,,QUADRAT ACADEMY,QUADRAT ACADEMY,222 BROWN ST,19123,(267) 997-7744,MIDDLE/HIGH,6-12,,3,PRIVATE,71,3129.5390625,238.547300003426
126513160,7575,3306,CHRISTOPHER COLUMBUS CHARTER,CHRISTOPHER COLUMBUS CHARTER SCHOOL,916 CHRISTIAN ST,19147,(215) 925-7400,ELEMENTARY SCHOOL,K-4,817,2,CHARTER,72,4504.40625,268.727158838526
126515001,3645,5480,"KEARNY, GEN. PHILIP SCHOOL",GENERAL PHILIP KEARNY SCHOOL,601 FAIRMOUNT AVE,19123,(215) 400-7590,ELEMENTARY/MIDDLE,K-8,193,1,DISTRICT,73,8408.88671875,386.846816369774
126518795,3721,3426,MASTERY CHARTER @ PASTORIUS,MASTERY CHARTER SCHOOL AT PASTORIUS,5650 SPRAGUE ST,19138,(215) 951-5689,ELEMENTARY/MIDDLE,K-8,688,2,CHARTER,74,18103.2890625,538.68734345938
126515001,3844,6030,ROXBOROUGH HIGH SCHOOL,ROXBOROUGH HIGH SCHOOL,6498 RIDGE AVE,19128,(215) 400-3400,HIGH SCHOOL,9-12,529,1,DISTRICT,75,34325.125,793.243576522188
126515001,,5620,THE U SCHOOL,THE U SCHOOL,2000 N 7TH ST,19122,(215) 400-7460,HIGH SCHOOL,9-12,164,1,DISTRICT,76,10429.14453125,460.844177634264
126510019,7856,3386,NORTHWOOD CHARTER SCHOOL,NORTHWOOD ACADEMY CHARTER SCHOOL,4621 CASTOR AVE,19124,(215) 289-5606,ELEMENTARY/MIDDLE,K-8,801,2,CHARTER,77,12311.23046875,582.469610468249
126515001,3626,4560,"KELLEY, WILLIAM D. SCHOOL",WILLIAM D. KELLEY SCHOOL,1601 N 28TH ST,19121,(215) 400-7370,ELEMENTARY/MIDDLE,K-8,205,1,DISTRICT,78,11481.75,495.666645356386
126515001,8332,5610,BUILDING 21,BUILDING 21,6501 LIMEKILN PIKE,19138,(215) 400-7450,HIGH SCHOOL,9-12,344,1,DISTRICT,79,18352.33203125,544.731651360632
226517252,,,ST MARTIN DE PORRES SCHOOL,ST MARTIN DE PORRES SCHOOL,2300-36 W LEHIGH AVE,19132,(215) 223-6872,ELEMENTARY/MIDDLE,K-8,,3,PRIVATE,80,8922.53125,398.325191328697
226510132,,,AL-AQSA ISLAMIC SCHOOL,AL-AQSA ISLAMIC SCHOOL,1501-11 GERMANTOWN AVE,19122,(215) 765-6660,ELEMENTARY/MIDDLE/HIGH,K-12,,3,PRIVATE,81,3472.21875,245.072888169707
226518422,,,ST LAURENTIUS SCHOOL,ST LAURENTIUS SCHOOL,1612 E BERKS ST,19125,(215) 423-8834,ELEMENTARY/MIDDLE,PREK-8,,3,ARCHDIOCESE,82,1887.8671875,179.575854979761
126515001,7245,1100,"SAYRE, WILLIAM L. HIGH SCHOOL",WILLIAM L. SAYRE HIGH SCHOOL,5800 WALNUT ST,19139,(215) 400-7800,HIGH SCHOOL,9-12,439,1,DISTRICT,83,56816.08203125,1026.23736620875
126515001,7229,6460,HILL-FREEDMAN WORLD ACADEMY,HILL-FREEDMAN WORLD ACADEMY,1100 E MT PLEASANT AVE,19150,(215) 400-3530,MIDDLE/HIGH,6-12,650,1,DISTRICT,84,44729.671875,863.53529166217
126513270,7586,3318,FREIRE CHARTER SCHOOL,FREIRE CHARTER SCHOOL,2027 CHESTNUT ST,19103,(215) 557-8555,HIGH SCHOOL,9-12,1072,2,CHARTER,85,1538.52734375,175.485884081851
126515001,3803,8400,"FRANK, ANNE SCHOOL",ANNE FRANK SCHOOL,2000 BOWLER ST,19115,(215) 400-3070,ELEMENTARY SCHOOL,K-5,1687,1,DISTRICT,86,40154.296875,801.547085692661
126515001,3709,6220,"EMLEN, ELEANOR C. SCHOOL",ELEANOR C. EMLEN SCHOOL,6501 CHEW AVE,19119,(215) 400-3470,ELEMENTARY SCHOOL,K-5,261,1,DISTRICT,87,15639.2578125,515.075610687954
126515691,,3422,PHILADELPHIA CHARTER FOR ARTS,THE PHILADELPHIA CHARTER SCHOOL FOR ARTS AND SCIENCES,1197 HAWORTH ST,19124,(215) 537-2520,ELEMENTARY/MIDDLE,K-8,837,2,CHARTER,88,18823.17578125,609.878958140631
126515001,7231,7280,"FRANKLIN, BENJAMIN SCHOOL",BENJAMIN FRANKLIN SCHOOL,5737 RISING SUN AVE,19120,(215) 400-3760,ELEMENTARY/MIDDLE,K-8,567,1,DISTRICT,89,15462.76953125,522.489368762427
126512674,3617,3424,UNIVERSAL ALCORN CHARTER,UNIVERSAL CHARTER SCHOOL AT ALCORN,3200 DICKINSON ST,19146,(215) 952-6219,ELEMENTARY/MIDDLE,K-8,473,2,CHARTER,90,14014.125,494.059494109953
226519022,,,ST MONICA SENIOR SCHOOL,ST MONICA SENIOR SCHOOL,2500 S 16TH ST,19145,(215) 467-5338,ELEMENTARY/MIDDLE,5-8,,3,ARCHDIOCESE,91,7305.1171875,412.19640770252
126515001,7404,5490,CAYUGA SCHOOL,CAYUGA SCHOOL,4344 N 5TH ST,19140,(215) 400-3850,ELEMENTARY SCHOOL,K-5,250,1,DISTRICT,92,5754.37890625,317.47351281846
126515001,5120,5300,"HACKETT, HORATIO B. SCHOOL",HORATIO B. HACKETT SCHOOL,2161 E YORK ST,19125,(215) 400-7470,ELEMENTARY SCHOOL,K-5,372,1,DISTRICT,93,15784.58203125,503.273370462615
226510912,,,CEDAR GROVE CHRISTIAN ACADEMY LOWER SCHOOL,CEDAR GROVE CHRISTIAN ACADEMY LOWER SCHOOL,6445 BINGHAM ST,19111,(215) 725-3383,ELEMENTARY/MIDDLE,PREK-12,,3,PRIVATE,94,9049.1953125,381.056588646832
226517352,,,ST FRANCES CABRINI REGIONAL CATHOLIC SCHOOL,ST FRANCES CABRINI,405 N 65TH ST,19151,(215) 748-2994,ELEMENTARY/MIDDLE,PREK-8,,3,PRIVATE,95,1648.6640625,169.283062672078
126515001,6534,7380,"MC CLURE, ALEXANDER K. SCHOOL",ALEXANDER K. MCCLURE SCHOOL,600 W HUNTING PARK AVE,19140,(215) 400-3870,ELEMENTARY SCHOOL,K-5,353,1,DISTRICT,96,7071.40234375,341.819087843941
226518062,,,OUR MOTHER OF SORROWS/ST IGNATIUS OF LOYOLA SCHOOL,OUR MOTHER OF SORROWS/ST IGNATIUS OF LOYOLA SCHOOL,617 N 43RD ST,19104,(215) 222-3626,ELEMENTARY/MIDDLE,K-8,,3,PRIVATE,97,3766.78515625,257.243422440812
126519392,8257,3423,MEMPHIS ST. CHARTER @ JP JONES,MEMPHIS STREET ACADEMY CHARTER SCHOOL AT J.P. JONES,2950 MEMPHIS ST,19134,(215) 291-4709,MIDDLE SCHOOL,5-8,416,2,CHARTER,98,17389.9453125,554.873002080886
126518547,8150,3412,DOUGLASS MASTERY CHARTER,MASTERY CHARTER SCHOOL AT DOUGLASS,2118 W NORRIS ST,19121,(215) 684-5063,ELEMENTARY/MIDDLE,K-8,559,2,CHARTER,99,13900.12890625,538.880317197741
126515001,3857,4020,OVERBROOK HIGH SCHOOL,OVERBROOK HIGH SCHOOL,5898 LANCASTER AVE,19131,(215) 400-7300,HIGH SCHOOL,9-12,466,1,DISTRICT,100,31928.08984375,824.702438562416
126515001,3786,4270,"DICK, WILLIAM SCHOOL",WILLIAM DICK SCHOOL,2498 W DIAMOND ST,19121,(215) 400-7340,ELEMENTARY/MIDDLE,K-8,306,1,DISTRICT,101,21511.1640625,635.641354055725
126512980,7542,3309,IMHOTEP CHARTER SCHOOL,IMHOTEP INSTITUTE CHARTER HIGH SCHOOL,6201 N 21ST ST,19138,(215) 438-4140,HIGH SCHOOL,9-12,604,2,CHARTER,102,12108.98828125,491.549145905904
126512990,7543,3315,ALLIANCE FOR PROGRESS CHARTER,ALLIANCE FOR PROGRESS CHARTER SCHOOL,"1722 CECIL B MOORE AVE
",19121,(215) 232-4892,ELEMENTARY SCHOOL,K-5,616,2,CHARTER,103,4022.95703125,260.839025531332
126515001,3835,7130,"WAGNER, GEN. LOUIS MIDDLE SCH.",GENERAL LOUIS WAGNER SCHOOL,1701 CHELTEN AVE,19126,(215) 400-3560,MIDDLE SCHOOL,6-8,294,1,DISTRICT,104,17103.26171875,530.217370640774
126515001,3764,8250,"FORREST, EDWIN SCHOOL",EDWIN FORREST SCHOOL,7300 COTTAGE ST,19136,(215) 400-3330,ELEMENTARY SCHOOL,K-5,798,1,DISTRICT,105,21512.8828125,588.176098141203
126515001,,4470,"WRIGHT, RICHARD R. SCHOOL",RICHARD R. WRIGHT SCHOOL,2201 N 28TH ST,19132,(215) 400-7030,ELEMENTARY SCHOOL,K-5,201,1,DISTRICT,106,29764.48046875,705.72451568514
,,8100,GATEWAY TO COLLEGE,GATEWAY TO COLLEGE - COMMUNITY COLLEGE OF PHILADELPHIA,1700 SPRING GARDEN ST RM M1-24,19130,(215) 751-8540,HIGH SCHOOL,9-12,66,1,CONTRACTED,107,42727.23046875,860.884296273105
126515001,3743,7320,"HOWE, JULIA WARD SCHOOL",JULIA W. HOWE SCHOOL,5800 N 13TH ST,19141,(215) 400-3650,ELEMENTARY SCHOOL,K-5,225,1,DISTRICT,108,8277.98046875,379.934916123203
,,,PHILADELPHIA PERFORMING ARTS CHARTER SCHOOL,PHILADELPHIA PERFORMING ARTS CHARTER SCHOOL,1600 VINE ST,19102,(267) 428-2224,MIDDLE/HIGH,6-12,,2,CHARTER,109,7314.48828125,416.147053728439
326512995,,,COMMUNITY COUNCIL LEARNING ACADEMY,COMMUNITY COUNCIL LEARNING ACADEMY,4224 N FRONT ST,19140,(215) 845-2670,ELEMENTARY/MIDDLE/HIGH,1-12,,3,PRIVATE,110,35053.515625,834.715122582997
126515001,,8470,PHILADELPHIA LEARNING ACADEMY-NORTH,PHILADELPHIA LEARNING ACADEMY NORTH,4224 N FRONT ST,19140,(215) 400-9050,MIDDLE/HIGH,8-12,67,1,DISTRICT,111,35053.515625,834.715122582997
,8120,3820,ACHIEVE ACADEMY EAST,ACHIEVE ACADEMY EAST,4224 N FRONT ST,19140,(267) 335-4764,MIDDLE/HIGH,6-12,46,1,CONTRACTED,112,35053.515625,834.715122582997
,,3190,CROSSROADS @ HUNTING PARK,CROSSROADS AT HUNTING PARK,4224 N FRONT ST,19140,(215) 400-9060,ELEMENTARY SCHOOL,3-6,25,1,DISTRICT,113,35053.515625,834.715122582997
126515001,3697,5370,"MOFFET, JOHN SCHOOL",JOHN MOFFET SCHOOL,127 W OXFORD ST,19122,(215) 400-7390,ELEMENTARY SCHOOL,K-5,212,1,DISTRICT,114,15650.87890625,518.357648202267
126515001,7023,4030,ENGINEERING & SCIENCE HIGH,CARVER HIGH SCHOOL OF ENGINEERING AND SCIENCE,1600 W NORRIS ST,19121,(215) 400-7380,MIDDLE/HIGH,7-12,906,1,DISTRICT,115,31673.51171875,716.947274349361
226512672,,,HUNTING PARK CHRISTIAN ACADEMY,HUNTING PARK CHRISTIAN ACADEMY,4400 N 6TH ST,19140,(267) 331-8002,ELEMENTARY/MIDDLE,PREK-8,,3,PRIVATE,116,1060.76171875,151.039745990763
226511702,,,GERMANTOWN FRIENDS SCHOOL,GERMANTOWN FRIENDS SCHOOL,31 W COULTER ST,19144,(215) 951-2300,ELEMENTARY/MIDDLE/HIGH,PREK-12,,3,PRIVATE,117,41991.99609375,906.451287418588
300517255,,,WALDORF SCHOOL OF PHILADELPHIA,WALDORF SCHOOL OF PHILADELPHIA,6000 WAYNE AVE,19144,(215) 248-1662,ELEMENTARY/MIDDLE,PREK-8,,3,PRIVATE,118,9075.35546875,400.683552153354
126515001,3765,8260,FOX CHASE SCHOOL,FOX CHASE SCHOOL,500 RHAWN ST,19111,(215) 400-3170,ELEMENTARY SCHOOL,K-5,500,1,DISTRICT,119,72464.359375,1121.32829848207
326517070,,,CHILDREN'S HOUSE OF PHILADELPHIA,CHILDREN'S HOUSE OF PHILADELPHIA,2611 S BROAD ST,19148,(267) 455-0288,PRE-K/KINDERGARTEN,PREK-K,,3,PRIVATE,120,905.04296875,147.307295539731
126513100,7564,3307,DE HOSTOS CHARTER SCHOOL,EUGENIO MARIA DE HOSTOS CHARTER SCHOOL,6301 N 2ND ST,19120,(215) 455-2300,ELEMENTARY/MIDDLE,K-8,697,2,CHARTER,121,232122.47265625,1931.12892460699
126519433,8152,3408,MASTERY CHARTER @ MANN,MASTERY CHARTER SCHOOL AT MANN,5376 W BERKS ST,19131,(215) 581-5616,ELEMENTARY SCHOOL,K-6,549,2,CHARTER,122,9994.83984375,402.192612305996
226510004,,,LOGAN HOPE SCHOOL,LOGAN HOPE SCHOOL,4934 N 13TH ST,19141,(215) 455-7442,ELEMENTARY/MIDDLE,K-8,,3,PRIVATE,123,650.41015625,112.23134270228
126515001,3848,6010,CENTRAL HIGH SCHOOL,CENTRAL HIGH SCHOOL,1700 W OLNEY AVE,19141,(215) 400-3590,HIGH SCHOOL,9-12,2343,1,DISTRICT,124,113083.671875,1402.05023631988
300513605,,,FOX CHASE FARMS,FOX CHASE FARMS,8500 PINE RD,19111,(215) 400-3310,UNGRADED,UNGRADED,,1,DISTRICT,125,191057.60546875,2136.87969279791
126515001,3614,1410,"RHOADS, JAMES SCHOOL",JAMES RHOADS SCHOOL,4901 PARRISH ST,19139,(215) 400-7680,ELEMENTARY/MIDDLE,K-8,415,1,DISTRICT,126,10128.30859375,467.85574832477
126515001,3749,7390,"MORRISON, ANDREW J. SCHOOL",ANDREW J. MORRISON SCHOOL,5100 N 3RD ST,19120,(215) 400-3780,ELEMENTARY/MIDDLE,K-8,484,1,DISTRICT,127,9701.6171875,394.899966831097
126515001,7239,7100,"COOKE, JAY ELEMENTARY SCHOOL",JAY COOKE SCHOOL,1300 W LOUDON ST,19141,(215) 400-8330,ELEMENTARY/MIDDLE,K-8,386,1,DISTRICT,128,12897.109375,455.215449851716
126515001,7782,5080,PARKWAY CENTER CITY MIDDLE COLLEGE HIGH SCHOOL,PARKWAY CENTER CITY MIDDLE COLLEGE HIGH SCHOOL,540 N 13TH ST,19123,(215) 400-7620,HIGH SCHOOL,9-12,449,1,DISTRICT,129,9013.9609375,435.148020862298
126515001,3654,2640,SOUTHWARK SCHOOL,SOUTHWARK SCHOOL,1835 S 9TH ST,19148,(215) 400-8280,ELEMENTARY/MIDDLE,K-8,889,1,DISTRICT,130,12520.8515625,473.300748959103
126515001,7255,4140,STRAWBERRY MANSION HIGH SCHOOL,STRAWBERRY MANSION HIGH SCHOOL,3133 RIDGE AVE,19121,(215) 400-7500,HIGH SCHOOL,9-12,275,1,DISTRICT,131,30937.296875,697.061217351928
126515001,3630,4570,"MEADE, GEN. GEORGE G. SCHOOL",GENERAL GEORGE G. MEADE SCHOOL,1600 N 18TH ST,19121,(215) 400-7310,ELEMENTARY/MIDDLE,K-8,256,1,DISTRICT,132,10492.52734375,439.000664926305
126515001,,,ONE BRIGHT RAY MANSION,ONE BRIGHT RAY -  MANSION,3133 RIDGE AVE,19121,(215) 999-3110,HIGH SCHOOL,9-12,105,1,CONTRACTED,133,30937.296875,697.061217351928
126515001,,,ONE BRIGHT RAY MANSION EVENING,ONE BRIGHT RAY -  MANSION EVENING,3133 RIDGE AVE,19121,(215) 999-3110,HIGH SCHOOL,9-12,75,1,CONTRACTED,134,30937.296875,697.061217351928
126515001,3703,5420,"WELSH, JOHN SCHOOL",JOHN WELSH SCHOOL,2331 N 4TH ST,19133,(215) 400-7130,ELEMENTARY/MIDDLE,K-8,185,1,DISTRICT,135,5720.59375,363.486223003642
126515001,7070,5150,"BODINE, WILLIAM W. HIGH SCHOOL",WILLIAM W. BODINE HIGH SCHOOL,1101 N 4TH ST,19123,(215) 400-7630,HIGH SCHOOL,9-12,523,1,DISTRICT,136,7459.828125,365.427234809376
226512952,,,LITTLE FLOWER CATHOLIC SCHOOL,LITTLE FLOWER CATHOLIC SCHOOL,1000 W LYCOMING ST,19140,(215) 455-6900,HIGH SCHOOL,9-12,,3,ARCHDIOCESE,137,34030.65625,840.193527485021
126515001,5122,6410,COOK-WISSAHICKON SCHOOL,COOK-WISSAHICKON SCHOOL,201 E SALAIGNAC ST,19128,(215) 400-3430,ELEMENTARY/MIDDLE,K-8,426,1,DISTRICT,138,20970.08984375,631.371015042916
126515001,3708,6210,"EDMONDS, FRANKLIN S. SCHOOL",FRANKLIN S. EDMONDS SCHOOL,8025 THOURON AVE,19150,(215) 400-3370,ELEMENTARY/MIDDLE,K-8,376,1,DISTRICT,139,40543.625,807.512076155875
126515001,3750,7400,OLNEY ELEMENTARY SCHOOL,OLNEY SCHOOL,5301 N WATER ST,19120,(215) 400-3790,ELEMENTARY/MIDDLE,K-8,666,1,DISTRICT,140,8886.5546875,381.398526635075
,,8450,YES PHILLY,YES PHILLY,2709 N BROAD ST,19132,(215) 769-0340,HIGH SCHOOL,9-12,127,1,CONTRACTED,141,2532.45703125,276.994807457191
,,2530,PHILADELPHIA JUVENILE JUSTICE SERVICES CENTER,PHILADELPHIA JUVENILE JUSTICE SERVICES CENTER SCHOOL,91 N 48TH ST,19139,(215) 683-3495,ELEMENTARY/MIDDLE/HIGH,K-12,124,1,DISTRICT,142,34474.3671875,800.294722398915
126510001,7677,3360,RUSSELL BYERS CHARTER SCHOOL,RUSSELL BYERS CHARTER SCHOOL,1911 ARCH ST,19103,(215) 972-1700,ELEMENTARY/MIDDLE,K-8,681,2,CHARTER,143,2942.3359375,281.025561600885
126515001,3801,8410,"POLLOCK, ROBERT B. SCHOOL",ROBERT B. POLLOCK SCHOOL,2875 WELSH RD,19152,(215) 400-3210,ELEMENTARY SCHOOL,K-8,900,1,DISTRICT,144,51881.55859375,1019.39967773373
126515001,3647,2580,"KIRKBRIDE, ELIZA B. SCHOOL",ELIZA B. KIRKBRIDE SCHOOL,1501 S 7TH ST,19147,(215) 400-7980,ELEMENTARY/MIDDLE,K-8,481,1,DISTRICT,145,4476.96875,291.877881592092
126515001,7227,2520,"JENKS, ABRAM SCHOOL",ABRAM S. JENKS SCHOOL,2501 S 13TH ST,19148,(215) 400-8240,ELEMENTARY SCHOOL,K-5,272,1,DISTRICT,146,4986.3125,346.656763849478
126513400,7647,3336,PHILADELPHIA PERFORMING ARTS-BROAD ST,PHILADELPHIA PERFORMING ARTS: A STRING THEORY CHARTER SCHOOL,2600 S BROAD ST,19145,(215) 551-4000,ELEMENTARY SCHOOL,2-5,2484,2,CHARTER,147,2228.0078125,200.525505372797
126515001,3724,7530,"ROWEN, WILLIAM SCHOOL",WILLIAM ROWEN SCHOOL,6841 N 19TH ST,19126,(215) 400-3550,ELEMENTARY SCHOOL,K-5,272,1,DISTRICT,148,18504.71484375,656.889283858879
226510086,,,PHILADELPHIA CLASSICAL SCHOOL,PHILADELPHIA CLASSICAL SCHOOL,3301 S 20TH ST,19145,(267) 990-2698,ELEMENTARY/MIDDLE/HIGH,K-12,,3,PRIVATE,149,12507.24609375,477.507823244439
,,2310,ACHIEVE ACADEMY,ACHIEVE ACADEMY,1435 N 26TH ST,19121,(215) 684-5080,MIDDLE/HIGH,6-12,49,1,CONTRACTED,150,6049.29296875,394.943005270455
,,8080,EXCEL ACADEMY NORTH,EXCEL ACADEMY NORTH,1435 N 26TH ST,19121,(215) 684-5080,HIGH SCHOOL,9-12,189,1,CONTRACTED,151,6049.29296875,394.943005270455
126515001,6822,2290,FRANKLIN LEARNING CENTER,FRANKLIN LEARNING CENTER,616 N 15TH ST,19130,(215) 400-7570,HIGH SCHOOL,9-12,975,1,DISTRICT,152,12514.6484375,472.737877360623
126515001,7663,7370,"WASHINGTON, GROVER JR. MIDDLE","GROVER WASHINGTON, JR. SCHOOL",201 E OLNEY AVE,19120,(215) 400-3820,MIDDLE SCHOOL,5-8,332,1,DISTRICT,153,35244.3125,830.043971769806
126510008,7684,3359,RICHARD ALLEN PREPARATORY,RICHARD ALLEN PREPARATORY CHARTER SCHOOL,2601 S 58TH ST,19143,(215) 878-5144,MIDDLE SCHOOL,5-8,309,2,CHARTER,154,16551.265625,555.438671325686
192518422,8126,3404,TACONY ACADEMY CHARTER SCHOOL,TACONY ACADEMY CHARTER SCHOOL,1330 RHAWN ST,19111,(215) 742-5100,ELEMENTARY/MIDDLE/HIGH,K-8,1090,2,CHARTER,155,28195.91796875,696.733834680829
126515001,3771,8360,RHAWNHURST SCHOOL,RHAWNHURST SCHOOL,7809 CASTOR AVE,19152,(215) 400-3220,ELEMENTARY SCHOOL,K-5,584,1,DISTRICT,156,52542.890625,935.546174936894
126515001,6765,7490,PRINCE HALL SCHOOL,PRINCE HALL SCHOOL,6101 N GRATZ ST,19141,(215) 400-3690,ELEMENTARY SCHOOL,K-5,317,1,DISTRICT,157,23440.58203125,646.369977499079
126515001,3717,6440,"LINGELBACH, ANNA L. SCHOOL",ANNA L. LINGELBACH SCHOOL,6340 WAYNE AVE,19144,(215) 400-3630,ELEMENTARY/MIDDLE,K-8,366,1,DISTRICT,158,64331.19921875,1086.61094573095
126510022,7909,3383,MASTERY CHARTER-SHOEMAKER,MASTERY CHARTER SCHOOL AT SHOEMAKER,5301 MEDIA ST,19131,(267) 296-7111,MIDDLE/HIGH,7-12,733,2,CHARTER,159,9902.05078125,433.730571740393
126515001,8121,8460,PHILADELPHIA LEARNING ACADEMY-WEST,PHILADELPHIA LEARNING ACADEMY WEST,4300 WESTMINSTER AVE,19104,(215) 400-9080,HIGH SCHOOL,9-12,60,1,DISTRICT,160,11803.94140625,440.261519375894
,,3040,EXCEL MIDDLE YEARS ACADEMY,EXCEL MIDDLE YEARS ACADEMY,4300 WESTMINSTER AVE,19104,(215) 436-0307,MIDDLE SCHOOL,6-8,24,1,CONTRACTED,161,11803.94140625,440.261519375894
,,8690,CROSSROADS ACCELERATED ACADEMY,CROSSROADS ACCELERATED ACADEMY,4300 WESTMINSTER AVE,19104,(215) 400-9070,MIDDLE/HIGH,7-10,55,1,DISTRICT,162,11803.94140625,440.261519375894
226514102,,,MERCY CAREER AND TECHNICAL HIGH SCHOOL,MERCY CAREER AND TECHNICAL HIGH SCHOOL,2900 W HUNTING PARK AVE,19129,(215) 226-1225,HIGH SCHOOL,9-12,,3,PRIVATE,163,11933.3828125,530.156426044145
182514568,7979,3389,KEYSTONE ACADEMY CHARTER,KEYSTONE ACADEMY CHARTER SCHOOL,4521 LONGSHORE AVE,19135,(215) 332-2111,ELEMENTARY/MIDDLE,K-8,649,2,CHARTER,164,8933.234375,392.011996148741
126515001,7234,8350,"SPRUANCE, GILBERT SCHOOL",GILBERT SPRUANCE SCHOOL,6401 HORROCKS ST,19149,(215) 400-3290,ELEMENTARY/MIDDLE,K-8,1259,1,DISTRICT,165,43785.19140625,838.088641227013
126515001,3602,1250,"CATHARINE, JOSEPH SCHOOL",JOSEPH W. CATHARINE SCHOOL,6600 CHESTER AVE,19142,(215) 400-8150,ELEMENTARY SCHOOL,K-5,377,1,DISTRICT,166,13377.06640625,492.032951088009
,,3404,TACONY ACADEMY CHARTER SCHOOL,TACONY ACADEMY CHARTER SCHOOL (HIGH SCHOOL),6201 KEYSTONE ST,19135,(215) 515-5900,HIGH SCHOOL,9-12,,2,CHARTER,167,21201.296875,648.193938423389
126515001,4868,2390,"MORRIS, ROBERT SCHOOL",ROBERT MORRIS SCHOOL,2600 W THOMPSON ST,19121,(215) 400-7320,ELEMENTARY/MIDDLE,K-8,216,1,DISTRICT,168,6162.83203125,315.431819162818
126510004,7685,3335,PEOPLE FOR PEOPLE,PEOPLE FOR PEOPLE CHARTER SCHOOL,800 N BROAD ST,19130,(215) 763-7060,ELEMENTARY/MIDDLE/HIGH,K-12,556,2,CHARTER,169,1515.2734375,175.303442476402
126513070,,3308,INQUIRY CHARTER SCHOOL,INQUIRY CHARTER SCHOOL,1301 BELMONT AVE,19104,(215) 386-5768,ELEMENTARY SCHOOL,K-5,272,2,CHARTER,170,18997.98828125,673.034963516218
126516457,8153,3407,MASTERY CHARTER @ HARRITY,MASTERY CHARTER SCHOOL AT HARRITY,5601 CHRISTIAN ST,19143,(215) 471-2908,ELEMENTARY/MIDDLE,K-8,753,2,CHARTER,171,11407.3828125,434.200096944358
226518722,,,ST MARTHA SCHOOL,ST MARTHA SCHOOL,11321 ACADEMY RD,19154,(215) 632-0320,ELEMENTARY/MIDDLE,PREK-8,,3,ARCHDIOCESE,172,23622.8984375,705.941346212971
226510081,,,OLNEY CHRISTIAN SCHOOL,OLNEY CHRISTIAN SCHOOL,425 E ROOSEVELT BLVD,19120,(215) 324-2323,ELEMENTARY SCHOOL,K-8,,3,PRIVATE,173,1930.13671875,177.790405714774
126515001,3770,8310,"MOORE, J. HAMPTON SCHOOL",J. HAMPTON MOORE SCHOOL,6900 SUMMERDALE AVE,19111,(215) 400-3180,ELEMENTARY SCHOOL,K-5,1162,1,DISTRICT,174,39088.52734375,793.504268578743
126513210,7580,3326,UNIVERSAL INSTITUTE,UNIVERSAL INSTITUTE CHARTER SCHOOL,801 S 15TH ST,19146,(215) 732-2876,ELEMENTARY/MIDDLE,K-8,565,2,CHARTER,175,567.5625,106.742668599426
226518902,,,ST MARYS INTERPAROCHIAL SCHOOL,ST MARYS INTERPAROCHIAL SCHOOL,440 LOCUST ST,19106,(215) 923-7522,ELEMENTARY/MIDDLE,K-8,,3,ARCHDIOCESE,176,1055.20703125,130.100504612008
226510452,,,ARCHBISHOP RYAN HIGH SCHOOL,ARCHBISHOP RYAN HIGH SCHOOL,11201 ACADEMY RD,19154,(215) 637-1800,HIGH SCHOOL,9-12,,3,ARCHDIOCESE,177,338749.8203125,2747.12828853146
126515001,,5180,VAUX HIGH SCHOOL,VAUX HIGH SCHOOL: A BIG PICTURE,2300 W MASTER ST,19121,(267) 507-9690,HIGH SCHOOL,9-12,335,1,DISTRICT,178,15131.4140625,508.053355546855
226511132,,,THE CITY SCHOOL,THE CITY SCHOOL,910 N 6TH ST,19123,(215) 731-1930,MIDDLE/HIGH,6-12,,3,PRIVATE,179,10617.73828125,458.8264889705
300516590,,,OVERBROOK SCHOOL FOR BLIND,OVERBROOK SCHOOL FOR BLIND,6333 MALVERN AVE,19151,(215) 877-0313,ELEMENTARY/MIDDLE/HIGH,PREK-12,,3,PRIVATE,180,93667.828125,1372.68144336091
126515001,6544,5440,"WILLARD, FRANCES E. SCHOOL",FRANCES E. WILLARD SCHOOL,1930 E ELKHART ST,19134,(215) 400-7180,ELEMENTARY SCHOOL,K-4,352,1,DISTRICT,181,34333.5546875,740.840347458072
126515001,5187,4300,"HESTON, EDWARD SCHOOL",EDWARD HESTON SCHOOL,1621 N 54TH ST,19131,(215) 400-7290,ELEMENTARY/MIDDLE,K-8,219,1,DISTRICT,182,22273.50390625,640.790228650017
104510394,8031,3395,ANTONIA PANTOJA CHARTER SCHOOL,ANTONIA PANTOJA CHARTER SCHOOL,4101 N AMERICAN ST,19140,(215) 329-2733,ELEMENTARY/MIDDLE,K-8,746,2,CHARTER,183,31889.8515625,919.277123255889
126515001,3712,6250,"HENRY, CHARLES W. SCHOOL",CHARLES W. HENRY SCHOOL,601 CARPENTER LN,19119,(215) 400-3480,ELEMENTARY/MIDDLE,K-8,550,1,DISTRICT,184,17480.5859375,689.628723214485
126515001,,8320,JOHN HANCOCK DEMONSTRATION MIDDLE SCHOOL- LABRUM CAMPUS,JOHN HANCOCK DEMONSTRATION MIDDLE SCHOOL- LABRUM CAMPUS,10800 HAWLEY RD,19114,(215) 400-3122,MIDDLE SCHOOL,6-8,,1,DISTRICT,185,77151.95703125,1365.88140470718
126515001,3851,2010,"FRANKLIN, BENJAMIN HIGH SCHOOL",BENJAMIN FRANKLIN HIGH SCHOOL,550 N BROAD ST,19130,(215) 400-7600,HIGH SCHOOL,9-12,530,1,DISTRICT,186,11938.203125,465.364958760512
126515001,7906,2650,SCIENCE LEADERSHIP ACADEMY,SCIENCE LEADERSHIP ACADEMY,550 N BROAD ST,19130,(215) 400-7830,HIGH SCHOOL,9-12,510,1,DISTRICT,187,11938.203125,465.364958760512
126513150,7574,3328,"MATH, SCIENCE AND TECHNOLOGY","MATHEMATICS, SCIENCE, AND TECHNOLOGY COMMUNITY CHARTER SCHOOL (MAST)",1800 BYBERRY RD,19116,(267) 348-1100,ELEMENTARY/MIDDLE/HIGH,K-12,1486,2,CHARTER,188,31769,759.00013578351
226512992,,,LOTUS ACADEMY,LOTUS ACADEMY,340 E HAINES ST,19144,(215) 438-7500,ELEMENTARY SCHOOL,PREK-4,,3,PRIVATE,189,976.5,132.086219982846
126515001,5124,5590,"WEBSTER, JOHN H. SCHOOL",JOHN H. WEBSTER SCHOOL,3400 FRANKFORD AVE,19134,(215) 400-7170,ELEMENTARY SCHOOL,K-5,413,1,DISTRICT,190,20241.73828125,576.604352456378
126515001,3859,2000,SOUTH PHILADELPHIA HIGH SCHOOL,SOUTH PHILADELPHIA HIGH SCHOOL,2101 S BROAD ST,19148,(215) 400-8400,HIGH SCHOOL,9-12,647,1,DISTRICT,191,31761.015625,719.753595195725
126515001,,3880,SOUTH PHILADELPHIA HIGH SCHOOL EOP,SOUTH PHILADELPHIA HIGH SCHOOL EOP,2101 S BROAD ST,19148,(215) 400-8400,HIGH SCHOOL,9-12,121,1,DISTRICT,192,31761.015625,719.753595195725
126515001,3653,2630,"SHARSWOOD, GEORGE SCHOOL",GEORGE W. SHARSWOOD SCHOOL,2300 S 2ND ST,19148,(215) 400-8270,ELEMENTARY/MIDDLE,K-8,317,1,DISTRICT,193,12516.39453125,477.173989713916
126515001,3635,2450,"STANTON, EDWIN M. SCHOOL",EDWIN M. STANTON SCHOOL,901 S 17TH ST,19146,(215) 400-7960,ELEMENTARY/MIDDLE,K-8,316,1,DISTRICT,194,4579.9921875,282.17484962541
226510023,,,LASALLE ACADEMY,LASALLE ACADEMY,1432-36 N 2ND ST,19122,(215) 739-5804,ELEMENTARY/MIDDLE,3-8,,3,PRIVATE,195,1663.71484375,197.872432690321
126515001,3650,2590,"NEBINGER, GEORGE W. SCHOOL",GEORGE W. NEBINGER SCHOOL,601 CARPENTER ST,19147,(215) 400-8110,ELEMENTARY/MIDDLE,K-8,399,1,DISTRICT,196,7478.6875,382.296378686395
126515001,3706,6200,"DAY, ANNA B. SCHOOL",ANNA B. DAY SCHOOL,6324 CRITTENDEN ST,19138,(215) 400-3520,ELEMENTARY/MIDDLE,K-8,289,1,DISTRICT,197,31847.9765625,740.226462273388
126515001,3659,2720,VARE-WASHINGTON ELEMENTARY,VARE-WASHINGTON SCHOOL,1198 S 5TH ST,19147,(215) 400-8120,ELEMENTARY/MIDDLE,K-8,370,1,DISTRICT,198,7641.765625,356.924071639848
126518004,,3428,G.L.A. CHARTER @ HUEY,GLOBAL LEADERSHIP ACADEMY AT HUEY,5200 PINE ST,19143,(215) 471-2978,ELEMENTARY/MIDDLE,K-8,611,2,CHARTER,199,11128.18359375,505.255200072896
126514059,,3437,KIPP NORTH PHILADELPHIA CHARTER SCHOOL,KIPP NORTH PHILADELPHIA ACADEMY,2539 N 16TH ST,19132,(267) 758-2509,ELEMENTARY SCHOOL,K-8,705,2,CHARTER,200,8074.625,370.021098987941
151514721,7961,3393,MASTERY CHARTER @ PICKETT,MASTERY CHARTER SCHOOL AT PICKETT,5700 WAYNE AVE,19144,(215) 866-9000,MIDDLE/HIGH,6-12,903,2,CHARTER,201,55168.45703125,1027.19786624476
126515001,3738,7260,ELLWOOD SCHOOL,ELLWOOD SCHOOL,6701 N 13TH ST,19126,(215) 400-3540,ELEMENTARY SCHOOL,K-5,252,1,DISTRICT,202,19423.703125,625.603526818033
126513480,7672,3332,MARIANA BRACETTI ACADEMY,MARIANA BRACETTI ACADEMY CHARTER SCHOOL,1840 TORRESDALE AVE,19124,(215) 291-4436,ELEMENTARY/MIDDLE/HIGH,K-12,1520,2,CHARTER,203,37230.34765625,935.89678669232
126515001,3818,2160,"FURNESS, HORACE HIGH SCHOOL",FURNESS HIGH SCHOOL,1900 S 3RD ST,19148,(215) 400-8300,HIGH SCHOOL,9-12,836,1,DISTRICT,204,15250.13671875,510.311279839246
126515001,3688,5260,"ELKIN, LEWIS SCHOOL",LEWIS ELKIN SCHOOL,3199 D ST,19134,(215) 400-7140,ELEMENTARY SCHOOL,K-4,431,1,DISTRICT,205,11197.05078125,428.668775158551
126515001,3760,8370,"COMLY, WATSON SCHOOL",WATSON COMLY SCHOOL,1001 BYBERRY RD,19116,(215) 400-3010,ELEMENTARY SCHOOL,K-5,660,1,DISTRICT,206,36571.81640625,771.789979569966
226514122,,,CREFELD SCHOOL,CREFELD SCHOOL,8836 CREFELD ST,19118,(215) 242-5545,MIDDLE/HIGH,7-12,,3,PRIVATE,207,27473.98828125,678.478286564431
226510064,,,SPRING GARDEN ACADEMY - TIOGA,SPRING GARDEN ACAD - TIOGA,3501-05 N 17TH ST,19140,(215) 226-1000,ELEMENTARY/MIDDLE,PREK-8,,3,PRIVATE,208,2630.68359375,216.007336681102
126510005,7748,3365,GREEN WOODS CHARTER SCHOOL,GREEN WOODS CHARTER SCHOOL,468 DOMINO LN,19128,(215) 482-6337,ELEMENTARY/MIDDLE,K-8,716,2,CHARTER,209,36904.265625,1125.58661216444
126510006,7722,3357,WEST PHILADELPHIA ACHIEVEMENT,WEST PHILADELPHIA ACHIEVEMENT CHARTER SCHOOL,6701 CALLOWHILL ST,19151,(215) 476-6471,ELEMENTARY SCHOOL,K-5,613,2,CHARTER,210,31645.26171875,717.008776255989
126515001,8328,8560,THE WORKSHOP SCHOOL,THE WORKSHOP SCHOOL,221 S HANSON ST,19139,(215) 400-7730,HIGH SCHOOL,9-12,233,1,DISTRICT,211,2442.171875,211.694486204851
126515001,5292,4440,"ALLEN, DR. ETHEL SCHOOL",DR. ETHEL ALLEN SCHOOL,3200 W LEHIGH AVE,19132,(215) 400-7040,ELEMENTARY/MIDDLE,K-8,274,1,DISTRICT,212,38334.296875,793.984331227749
126515001,3720,6320,"MIFFLIN, THOMAS SCHOOL",THOMAS MIFFLIN SCHOOL,3624 CONRAD ST,19129,(215) 400-3830,ELEMENTARY/MIDDLE,K-8,396,1,DISTRICT,213,22109.328125,836.445185258297
126519434,8195,3417,UNIVERSAL AUDENRIED CHARTER,UNIVERSAL CHARTER SCHOOL AT AUDENRIED,3301 TASKER ST,19145,(215) 952-4801,HIGH SCHOOL,9-12,606,2,CHARTER,214,30185.671875,690.224589213914
126515001,6675,6060,"KING, MARTIN LUTHER HIGH SCHOOL",MARTIN LUTHER KING HIGH SCHOOL,6100 STENTON AVE,19138,(215) 400-3500,HIGH SCHOOL,9-12,604,1,DISTRICT,215,118822.3515625,1748.95076318958
126515001,8143,5700,KENSINGTON HIGH SCHOOL,KENSINGTON HIGH SCHOOL,2051 E CUMBERLAND ST,19125,(215) 400-7700,HIGH SCHOOL,9-12,447,1,DISTRICT,216,13761.40234375,482.571308810105
126515001,6548,5070,PARKWAY-NORTHWEST HIGH SCHOOL,PARKWAY NORTHWEST HIGH SCHOOL,6200 CRITTENDEN ST,19138,(215) 400-3390,HIGH SCHOOL,9-12,248,1,DISTRICT,217,23448.1328125,670.781143311945
226511232,,,JUBILEE SCHOOL,JUBILEE SCHOOL,4211 CHESTER AVE,19104,(215) 387-7592,ELEMENTARY SCHOOL,PREK-6,,3,PRIVATE,218,1516.76171875,206.806746110804
326511965,,,LITTLE CITY MONTESSORI,LITTLE CITY MONTESSORI,1401 N 5TH ST,19122,(215) 764-0633,PRE-K/KINDERGARTEN,PREK-K,,3,PRIVATE,219,3604.81640625,260.388233678633
126515001,6824,8160,BALDI MIDDLE SCHOOL,BALDI SCHOOL,8801 VERREE RD,19115,(215) 400-3090,MIDDLE SCHOOL,6-8,1424,1,DISTRICT,220,105405.296875,1416.68498476624
126515001,3731,8390,"FITZPATRICK, A. L. SCHOOL",A.L. FITZPATRICK SCHOOL,11061 KNIGHTS RD,19154,(215) 400-3060,ELEMENTARY/MIDDLE,K-8,868,1,DISTRICT,221,116632.4765625,1449.63993735397
126515001,3755,7440,"TAYLOR, BAYARD SCHOOL",BAYARD TAYLOR SCHOOL,3698 N RANDOLPH ST,19140,(215) 400-3880,ELEMENTARY SCHOOL,K-5,359,1,DISTRICT,222,12136.8984375,523.437973666269
226512762,,,ISLAMIC EDUCATION SCHOOL,ISLAMIC EDUCATION SCHOOL,4431-39 WALNUT ST,19104,(215) 387–5230,ELEMENTARY SCHOOL,K-8,,3,PRIVATE,223,1888.75,174.491311788076
126515001,3782,1260,"COMEGYS, BENJAMIN B. SCHOOL",BENJAMIN B. COMEGYS SCHOOL,5100 GREENWAY AVE,19143,(215) 400-7860,ELEMENTARY/MIDDLE,K-8,213,1,DISTRICT,224,14446.1328125,500.62051682795
126515001,3850,7010,FRANKFORD HIGH SCHOOL,FRANKFORD HIGH SCHOOL,5000 OXFORD AVE,19124,(215) 400-7200,HIGH SCHOOL,9-12,908,1,DISTRICT,225,31860.89453125,782.239518668743
126519644,8259,3420,MASTERY CHARTER @ CLEVELAND,MASTERY CHARTER SCHOOL AT CLEVELAND,3701 N 19TH ST,19140,(215) 227-5042,ELEMENTARY/MIDDLE,K-8,699,2,CHARTER,226,4584.9921875,271.227753993232
126515001,3618,2210,BACHE-MARTIN SCHOOL,BACHE-MARTIN SCHOOL,2201 BROWN ST,19130,(215) 400-7550,ELEMENTARY/MIDDLE,K-8,622,1,DISTRICT,227,13246.01953125,470.740212992072
126515001,3719,6310,"MCCLOSKEY, JOHN F. SCHOOL",JOHN F. MCCLOSKEY SCHOOL,8500 PICKERING ST,19150,(215) 400-3380,ELEMENTARY/MIDDLE,K-8,217,1,DISTRICT,228,37928.22265625,792.916735536327
126515001,3762,8230,"CROSSAN, KENNEDY C. SCHOOL",KENNEDY C. CROSSAN SCHOOL,7350 BINGHAM ST,19111,(215) 400-3160,ELEMENTARY SCHOOL,K-5,318,1,DISTRICT,229,5619.4453125,306.469353870128
126515001,3649,2380,"MEREDITH, WILLIAM M. SCHOOL",WILLIAM M. MEREDITH SCHOOL,725 S 5TH ST,19147,(215) 400-7990,ELEMENTARY/MIDDLE,K-8,579,1,DISTRICT,230,5187.02734375,302.442346020128
126515001,3751,7310,FELTONVILLE INTERMEDIATE,FELTONVILLE INTERMEDIATE SCHOOL,238 E WYOMING AVE,19120,(215) 400-3730,ELEMENTARY SCHOOL,3-5,483,1,DISTRICT,231,11708.2578125,533.175216772861
133513315,8149,3406,JOHN B STETSON MIDDLE SCHOOL,JOHN B STETSON MIDDLE SCHOOL,3200 B ST,19134,(215) 400-9150,MIDDLE SCHOOL,5-8,511,1,DISTRICT,232,11147.5859375,511.44484046529
126515001,7904,2620,ACADEMY AT PALUMBO,ACADEMY AT PALUMBO,1100 CATHARINE ST,19147,(215) 400-8130,HIGH SCHOOL,9-12,1242,1,DISTRICT,233,6547.2890625,383.080959652798
226514088,,,ROXBOROUGH CHRISTIAN SCHOOL,ROXBOROUGH CHRISTIAN SCHOOL,6301 RIDGE AVE,19128,(267) 804-5715,ELEMENTARY SCHOOL,PREK-5,,3,PRIVATE,234,9076.0546875,407.442041237065
226518692,,,SS JOHN NEUMANN AND MARIA GORETTI CATHOLIC HIGH SCHOOL,SS JOHN NEUMANN AND MARIA GORETTI CATHOLIC HIGH SCHOOL,1736 S 10TH ST,19148,(215) 465-8437,HIGH SCHOOL,9-12,,3,ARCHDIOCESE,235,26743.046875,657.220250377853
326510160,,,RED LION ELEMENTARY SCHOOL,RED LION ELEMENTARY SCHOOL,256 GEIGER RD,19115,(215) 673-2100,ELEMENTARY SCHOOL,K-5,,3,PRIVATE,236,8840.46484375,405.893446927036
126515001,6529,8210,"BROWN, JOSEPH H. SCHOOL",JOSEPH H. BROWN SCHOOL,3600 STANWOOD ST,19136,(215) 400-3320,ELEMENTARY/MIDDLE,K-8,427,1,DISTRICT,237,15416.89453125,530.083641768409
326510173,,,EXCELSIOR SCHOOL OF PHILADELPHIA,EXCELSIOR SCHOOL OF PHILADELPHIA,2106 HAINES ST,19138,(267) 900-5494,ELEMENTARY SCHOOL,PREK-5,,3,PRIVATE,238,9823.140625,411.460877530543
126515001,7230,7220,"CARNELL, LAURA H. SCHOOL",LAURA H. CARNELL SCHOOL,1100 DEVEREAUX AVE,19111,(215) 400-3150,ELEMENTARY SCHOOL,K-5,652,1,DISTRICT,239,25529.19140625,650.636061210032
126515001,6539,6350,"PENNYPACKER, SAMUEL SCHOOL",SAMUEL PENNYPACKER SCHOOL,1858 E WASHINGTON LN,19138,(215) 400-3510,ELEMENTARY/MIDDLE,K-8,302,1,DISTRICT,240,18032.703125,542.104877763388
126515001,3629,2370,"MCDANIEL, DELAPLAINE SCHOOL",DELAPLAINE MCDANIEL SCHOOL,1801 S 22ND ST,19145,(215) 400-8220,ELEMENTARY/MIDDLE,K-8,240,1,DISTRICT,241,7328.80859375,408.474247635298
226519282,,,ST ROSE OF LIMA SCHOOL,ST ROSE OF LIMA SCHOOL,1508-46 N WANAMAKER ST,19131,(215) 473-6030,ELEMENTARY/MIDDLE,PREK-8,,3,PRIVATE,242,7677.46875,368.561031638336
226518471,,,PHILLY AGILE LEARNING COMMUNITY SCHOOL,PHILLY AGILE LEARNING COMMUNITY SCHOOL,756 S 11TH ST,19147,(484) 816-7788,ELEMENTARY/MIDDLE/HIGH,K-12,,3,PRIVATE,243,724.12109375,124.872478974396
126515001,3687,5250,"DUNBAR, PAUL L. SCHOOL",PAUL L. DUNBAR SCHOOL,1750 N 12TH ST,19122,(215) 400-7410,ELEMENTARY/MIDDLE,K-8,223,1,DISTRICT,244,7053.703125,373.486896153382
126515001,3648,2340,"MC CALL, GEN. GEORGE A. SCHOOL",GENERAL GEORGE A. MCCALL SCHOOL,325 S 7TH ST,19106,(215) 400-7840,ELEMENTARY/MIDDLE,K-8,667,1,DISTRICT,245,14424.65625,498.651807324893
126515001,3845,8010,"LINCOLN, ABRAHAM HIGH SCHOOL",ABRAHAM LINCOLN HIGH SCHOOL,3201 RYAN AVE,19136,(215) 400-3300,HIGH SCHOOL,9-12,2332,1,DISTRICT,246,235885.47265625,2416.3803905286
126515001,3664,4240,"CASSIDY,LEWIS C ACADEMICS PLUS",LEWIS C. CASSIDY ACADEMICS PLUS SCHOOL,6523 LANSDOWNE AVE,19151,(215) 400-7510,ELEMENTARY/MIDDLE,K-8,363,1,DISTRICT,247,13299.86328125,529.634981301067
126515001,7963,7150,JUNIATA PARK ACADEMY,JUNIATA PARK ACADEMY,801 E HUNTING PARK AVE,19124,(215) 400-7010,ELEMENTARY/MIDDLE,K-8,784,1,DISTRICT,248,34762.87109375,843.887503690731
300514200,,,HMS SCHOOL FOR CHILDREN W/CEREBRAL PALSY,HMS SCHOOL FOR CHILDREN W/CEREBRAL PALSY,4400 BALTIMORE AVE,19104,(215) 222-2566,ELEMENTARY/MIDDLE/HIGH,PREK-12,,3,PRIVATE,249,20255.91796875,586.040572413235
126515001,3824,6360,ROOSEVELT ELEMENTARY SCHOOL,THEODORE ROOSEVELT SCHOOL,430 E WASHINGTON LN,19144,(215) 400-3640,ELEMENTARY/MIDDLE,K-8,407,1,DISTRICT,250,35684.0390625,756.771118634691
126515001,3855,8020,NORTHEAST HIGH SCHOOL,NORTHEAST HIGH SCHOOL,1601 COTTMAN AVE,19111,(215) 400-3200,HIGH SCHOOL,9-12,3541,1,DISTRICT,251,239988.36328125,2019.86689329661
126511530,,3441,TECH FREIRE CHARTER SCHOOL,TECH FREIRE CHARTER SCHOOL,2221 N BROAD ST,19132,(267) 507-1111,HIGH SCHOOL,9-12,565,2,CHARTER,252,1688.234375,176.267867106256
,,3850,NORTHEAST HIGH SCHOOL EOP,NORTHEAST HIGH SCHOOL EOP,1601 COTTMAN AVE,19111,(215) 400-3200,HIGH SCHOOL,9-12,185,1,DISTRICT,253,239988.36328125,2019.86689329661
126515001,3694,5340,"LUDLOW, JAMES R. SCHOOL",JAMES R. LUDLOW SCHOOL,550 W MASTER ST,19122,(215) 400-7430,ELEMENTARY/MIDDLE,K-8,237,1,DISTRICT,254,6046.46875,321.086609469232
126515001,7235,8380,"FARRELL, LOUIS H. SCHOOL",LOUIS H. FARRELL SCHOOL,8300 CASTOR AVE,19152,(215) 400-3230,ELEMENTARY/MIDDLE,K-8,1255,1,DISTRICT,255,26437.12890625,705.106699401979
126515001,3800,5530,GLORIA CASAREZ ELEMENTARY SCHOOL,GLORIA CASAREZ ELEMENTARY SCHOOL,800 E ONTARIO ST,19134,(215) 400-7160,ELEMENTARY SCHOOL,K-5,438,1,DISTRICT,256,6737.578125,344.198709946066
126515001,3758,8200,"ALLEN, ETHAN SCHOOL",ETHAN ALLEN SCHOOL ,6329 BATTERSBY ST,19149,(215) 400-3270,ELEMENTARY/MIDDLE,K-8,1018,1,DISTRICT,257,38844.61328125,783.461363627601
147513703,8123,3403,FRANKLIN TOWNE ELEMENTARY,FRANKLIN TOWNE CHARTER ELEMENTARY SCHOOL,4259 RICHMOND ST,19137,(215) 289-3389,ELEMENTARY/MIDDLE,K-8,958,2,CHARTER,258,19684.14453125,672.863325580431
126515001,6525,5230,"CONWELL, RUSSELL MIDDLE SCHOOL",RUSSELL H. CONWELL SCHOOL,1849 E CLEARFIELD ST,19134,(215) 400-7210,MIDDLE SCHOOL,5-8,109,1,DISTRICT,259,7028.7421875,336.018542558545
126515001,3642,2510,"COPPIN, FANNY JACKSON SCHOOL
",FANNY JACKSON COPPIN SCHOOL,1213 S 12TH ST,19147,(215) 400-7970,ELEMENTARY/MIDDLE,K-8,541,1,DISTRICT,260,5507.796875,300.197314700017
126515001,5183,7510,"BETHUNE, MARY MCLEOD SCHOOL",MARY M. BETHUNE SCHOOL,3301 OLD YORK RD,19140,(215) 400-3890,ELEMENTARY/MIDDLE,K-8,353,1,DISTRICT,261,26700.94140625,673.095561928867
126515001,7024,6480,AMY NORTHWEST,ACADEMY FOR THE MIDDLE YEARS AT NORTHWEST,6000 RIDGE AVE,19128,(215) 400-3460,MIDDLE SCHOOL,6-8,136,1,DISTRICT,262,11737.41796875,433.721268705801
126515001,7472,4370,OVERBROOK ELEMENTARY SCHOOL,OVERBROOK ELEMENTARY SCHOOL,2032 N 62ND ST,19151,(215) 400-7520,ELEMENTARY/MIDDLE,K-8,215,1,DISTRICT,263,8893.1171875,413.326237034174
0,,,CHRIST THE KING SCHOOL,CHRIST THE KING SCHOOL,3205 CHESTERFIELD RD,19114,(215) 632-1375,ELEMENTARY/MIDDLE,PREK-8,,3,ARCHDIOCESE,264,4489.515625,385.911208836928
226511852,,,GIRARD COLLEGE,GIRARD COLLEGE,2101 S COLLEGE AVE,19121,(215) 787-2600,ELEMENTARY/MIDDLE/HIGH,1-12,,3,PRIVATE,265,294782.64453125,2705.11839474916
126515001,3714,6270,JENKS ACADEMY ARTS & SCIENCES,JENKS ACADEMY FOR ARTS AND SCIENCES,8301 GERMANTOWN AVE,19118,(215) 400-3360,ELEMENTARY/MIDDLE,K-8,380,1,DISTRICT,266,16959.47265625,523.642035818052
126513420,7649,3334,NEW FOUNDATIONS CHARTER SCHOOL,NEW FOUNDATIONS CHARTER SCHOOL,8001 TORRESDALE AVE,19136,(215) 624-8100,ELEMENTARY/MIDDLE/HIGH,K-8,1538,2,CHARTER,267,23614.171875,666.565707622486
,,,,JAMES J. SULLIVAN SCHOOL,5300 DITMAN ST,19124,(215) 400-3960,ELEMENTARY SCHOOL,K-5,378,1,DISTRICT,268,16950.9140625,597.52494683183
126515001,3622,2260,"CHILDS, GEORGE W. SCHOOL",GEORGE W. CHILDS SCHOOL,1599 WHARTON ST,19146,(215) 400-7950,ELEMENTARY/MIDDLE,K-8,443,1,DISTRICT,269,12336.33203125,454.875317010507
126515492,,3443,KIPP WEST PHILA CHARTER SCHOOL,KIPP WEST PHILADELPHIA ELEMENTARY ACADEMY,5070 PARKSIDE AVE,19131,(267) 787-5700,ELEMENTARY SCHOOL,K-4,823,2,CHARTER,270,26202.359375,859.562225465769
126515001,3713,6260,"HOUSTON, HENRY H. SCHOOL",HENRY H. HOUSTON SCHOOL,7300 RURAL LN,19119,(215) 400-3490,ELEMENTARY/MIDDLE,K-8,473,1,DISTRICT,271,21713.3203125,642.02135928597
126515001,8493,"8130
","NORTHEAST COMMUNITY PROPEL ACADEMY
",NORTHEAST COMMUNITY PROPEL ACADEMY,7500 ROWLAND AVE,19136,(215) 400-8350,ELEMENTARY/MIDDLE,K-8,1715,1,DISTRICT,272,159304.359375,2290.54188708155
226510026,,,ALL SAINTS EPISCOPAL SCHOOL,ALL SAINTS EPISCOPAL SCHOOL,9601 FRANKFORD AVE,19114,(215) 637-8788,PRE-K/KINDERGARTEN,PREK-K,,3,PRIVATE,273,1909.6796875,351.436938758423
226510232,,,ALPHA HOUSE NURSERY & KINDERGARTEN,ALPHA HOUSE NURSERY & KINDERGARTEN,9801 FRANKFORD AVE,19114,(215) 632-3366,PRE-K/KINDERGARTEN,PREK-K,,3,PRIVATE,274,8099.4921875,494.357233384006
168513758,8145,3410,GUION S BLUFORD ELEMENTARY SCHOOL,GUION S BLUFORD ELEMENTARY SCHOOL,5720 MEDIA ST,19131,(215) 400-9170,ELEMENTARY/MIDDLE,K-8,490,1,DISTRICT,275,13076.953125,544.104086137044
126515001,3847,1010,"BARTRAM, JOHN HIGH SCHOOL",JOHN BARTRAM HIGH SCHOOL,2401 S 67TH ST,19142,(215) 400-8100,HIGH SCHOOL,9-12,594,1,DISTRICT,276,13314.43359375,932.43121863441
126510015,7825,3379,AD PRIMA CHARTER SCHOOL,AD PRIMA CHARTER SCHOOL,1922 N 63RD ST,19151,(267) 403-2672,ELEMENTARY/MIDDLE,K-8,617,2,CHARTER,277,7419.8046875,365.146897765556
126513450,7666,3331,FRANKLIN TOWNE CHARTER SCHOOL,FRANKLIN TOWNE CHARTER HIGH SCHOOL,5301 TACONY ST,19137,(215) 289-5000,HIGH SCHOOL,9-12,1306,2,CHARTER,278,4311.65234375,359.604449532563
226511652,,,FRIENDS SELECT SCHOOL,FRIENDS SELECT SCHOOL,1651 BENJAMIN FRANKLIN PKY,19103,(215) 561-5900,ELEMENTARY/MIDDLE/HIGH,PREK-12,,3,PRIVATE,279,10937.69140625,453.717463409432
126515001,3805,2480,MARIAN ANDERSON NEIGHBORHOOD ACADEMY,MARIAN ANDERSON NEIGHBORHOOD ACADEMY,2000 CATHARINE ST,19146,(215) 400-7940,ELEMENTARY/MIDDLE,K-8,348,1,DISTRICT,280,7820.56640625,472.492006317797
226519422,,,BLESSED TRINITY REGIONAL CATHOLIC SCHOOL,BLESSED TRINITY REGIONAL CATHOLIC SCHOOL,3033 LEVICK ST,19149,(215) 338-9797,ELEMENTARY/MIDDLE,PREK-8,,3,ARCHDIOCESE,281,5891.26171875,677.200953101409
326510170,,,BRIDGE WAY SCHOOL,BRIDGE WAY SCHOOL,7360 JACKSON ST,19136,(267) 437-2194,UNGRADED,9-12,,3,PRIVATE,282,1081.41796875,195.038838919069
226510732,,,CALVARY CHRISTIAN ACADEMY,CALVARY CHRISTIAN ACADEMY,13500 PHILMONT AVE,19116,(215) 969-1579,ELEMENTARY/MIDDLE/HIGH,PREK-12,,3,PRIVATE,283,21603.28125,836.668480970416
126515001,3616,1440,PENROSE SCHOOL,PENROSE SCHOOL,2515 S 78TH ST,19153,(215) 400-8310,ELEMENTARY/MIDDLE,K-8,429,1,DISTRICT,284,35043.60546875,809.851027260852
226517602,,,DEPAUL CATHOLIC SCHOOL,DEPAUL CATHOLIC SCHOOL,44 W LOGAN ST,19144,(215) 842-1266,ELEMENTARY/MIDDLE,PREK-8,,3,PRIVATE,285,1772.796875,194.543293641459
,,3290,EXCEL ACADEMY SOUTH,EXCEL ACADEMY SOUTH,4641 ROOSEVELT BLVD,19124,(215) 904-6254,HIGH SCHOOL,9-12,183,1,CONTRACTED,286,374.875,87.9514104014622
226511802,,,GESU SCHOOL,GESU SCHOOL,1700 W THOMPSON ST,19121,(215) 763-3660,ELEMENTARY/MIDDLE,PREK-8,,3,PRIVATE,287,1884.2109375,215.994758153766
126515001,5125,5320,"HARTRANFT, JOHN F. SCHOOL",JOHN F. HARTRANFT SCHOOL,720 W CUMBERLAND ST,19133,(215) 400-7090,ELEMENTARY/MIDDLE,K-8,337,1,DISTRICT,288,16073.3828125,507.164024048303
126515001,3843,6050,"GIRLS, PHILA HIGH SCHOOL FOR",PHILADELPHIA HIGH SCHOOL FOR GIRLS,1400 W OLNEY AVE,19141,(215) 400-3700,HIGH SCHOOL,9-12,592,1,DISTRICT,289,13677.06640625,882.167109850978
126515001,3727,6390,"STEEL, EDWARD SCHOOL",EDWARD T. STEEL SCHOOL,4301 WAYNE AVE,19140,(215) 400-3910,ELEMENTARY/MIDDLE,K-8,331,1,DISTRICT,290,22617.140625,681.916179080539
114514135,8083,3399,SANKOFA FREEDOM ACADEMY,SANKOFA FREEDOM ACADEMY CHARTER SCHOOL,2501 KENSINGTON AVE,19125,(215) 288-2001,ELEMENTARY/MIDDLE/HIGH,K-12,647,2,CHARTER,291,20728.1328125,577.926335249908
326514508,,,CB COMMUNITY SCHOOLS,CB COMMUNITY SCHOOLS,4101 FREELAND AVE,19128,(267) 766-3130,HIGH SCHOOL,9-12,,3,PRIVATE,292,9178.6015625,435.542251163766
126515001,4727,8420,"DECATUR, STEPHEN SCHOOL",STEPHEN DECATUR SCHOOL,3500 ACADEMY RD,19154,(215) 400-3050,ELEMENTARY/MIDDLE,K-8,1041,1,DISTRICT,293,214018.55859375,1894.34968285555
126513380,7639,3337,GLOBAL LEADERSHIP ACADEMY,GLOBAL LEADERSHIP ACADEMY CHARTER SCHOOL,4601 W GIRARD AVE,19131,(215) 477-6672,ELEMENTARY/MIDDLE,K-8,704,2,CHARTER,294,16207.38671875,532.064639091343
126515001,5123,5470,"CRAMP, WILLIAM SCHOOL",WILLIAM CRAMP SCHOOL,3449 N MASCHER ST,19140,(215) 400-3860,ELEMENTARY SCHOOL,K-5,317,1,DISTRICT,295,17091.3515625,570.277585175868
126515001,3745,7470,BRIDESBURG SCHOOL,BRIDESBURG SCHOOL,2824 JENKS ST,19137,(215) 400-7240,ELEMENTARY/MIDDLE,K-8,522,1,DISTRICT,296,8925.4765625,622.400914896205
126513250,7584,3329,YOUNG SCHOLARS CHARTER SCHOOL,YOUNG SCHOLARS CHARTER SCHOOL,900 N MARSHALL ST,19123,(215) 232-9727,MIDDLE SCHOOL,6-8,285,2,CHARTER,297,4386.7265625,293.226897335658
126512960,7540,3313,PREPARATORY CHARTER SCHOOL,"PREPARATORY CHARTER SCHOOL OF MATHEMATICS, SCIENCE, TECHNOLOGY AND CAREERS",1928 POINT BREEZE AVE,19145,(215) 334-6144,HIGH SCHOOL,9-12,590,2,CHARTER,298,23886.62890625,608.793474565075
226511952,,,GREENE STREET FRIENDS SCHOOL,GREENE STREET FRIENDS SCHOOL,5511 GREENE ST,19144,(215) 438-7000,ELEMENTARY/MIDDLE,PREK-8,,3,PRIVATE,299,24189.08984375,888.587370563796
126515001,3766,8270,"HOLME, THOMAS SCHOOL",THOMAS HOLME SCHOOL,9125 ACADEMY RD,19114,(215) 400-3130,ELEMENTARY/MIDDLE,K-8,787,1,DISTRICT,300,100869.19921875,1540.98034204776
126513117,,3440,MAST COMMUNITY CHARTER II,MAST COMMUNITY CHARTER SCHOOL II,6501 NEW STATE RD,19135,(267) 526-0005,ELEMENTARY/MIDDLE/HIGH,3-12,1903,2,CHARTER,301,126447.6015625,2071.00228648525
126510002,7678,3361,MASTERY CHARTER-LENFEST CAMPUS,MASTERY CHARTER SCHOOL AT LENFEST,35 S 4TH ST,19106,(215) 922-1902,MIDDLE/HIGH,7-12,614,2,CHARTER,302,3440.26953125,240.622335174198
,,3810,ONE BRIGHT RAY-ELMWOOD CAMPUS,ONE BRIGHT RAY - ELMWOOD CAMPUS,6404 ELMWOOD AVE,19142,(215) 488-1177,HIGH SCHOOL,9-12,102,1,CONTRACTED,303,3584.79296875,259.201058630999
126512850,7511,3302,HARAMBEE INSTITUTE OF SCIENCE,HARAMBEE INSTITUTE OF SCIENCE AND TECHNOLOGY CHARTER SCHOOL,640 N 66TH ST,19151,(215) 472-8770,ELEMENTARY/MIDDLE,K-8,555,2,CHARTER,304,6880.2734375,366.981094549795
226519162,,,ST PETERS SCHOOL,ST PETER'S SCHOOL,311-21 LOMBARD ST,19147,(215) 925-3963,ELEMENTARY/MIDDLE,PREK-8,,3,PRIVATE,305,2867.015625,250.649318270074
126515001,7242,7110,"HARDING, WARREN G. MIDDLE SCHOOL",WARREN G. HARDING SCHOOL,2000 WAKELING ST,19124,(215) 400-3990,MIDDLE SCHOOL,6-8,522,1,DISTRICT,306,60438.75390625,1126.52981050794
126515001,3613,1400,"PATTERSON, JOHN M. SCHOOL",JOHN M. PATTERSON SCHOOL,7000 BUIST AVE,19142,(215) 400-8190,ELEMENTARY SCHOOL,K-4,353,1,DISTRICT,307,10524.29296875,458.116949715799
,,8890,ONE BRIGHT RAY-SIMPSON CAMPUS,ONE BRIGHT RAY - SIMPSON CAMPUS,1142 E ERIE AVE,19124,(215) 744-6000,HIGH SCHOOL,9-12,226,1,CONTRACTED,308,6152.1484375,395.611377422903
300513890,,,GREEN TREE SCHOOL,GREEN TREE SCHOOL,1196 E WASHINGTON LN,19138,(215) 866-0200,SPECIAL CENTER,UNGRADED,,3,PRIVATE,309,19916.7109375,616.857127329745
300517000,,,PENNSYLVANIA SCHOOL FOR THE DEAF,PENNSYLVANIA SCHOOL FOR THE DEAF,100-52 W SCHOOL HOUSE LA,19144,(215) 951-4700,ELEMENTARY/MIDDLE/HIGH,PREK-12,,3,PRIVATE,310,42697.1640625,855.301668945935
126515001,8039,8040,ARTS ACADEMY AT BENJAMIN RUSH,ARTS ACADEMY AT BENJAMIN RUSH,11081 KNIGHTS RD,19154,(215) 400-3030,HIGH SCHOOL,9-12,602,1,DISTRICT,311,103879.8984375,1432.31418283258
185515523,7981,3388,BOYS LATIN OF PHILADELPHIA CHARTER,BOYS LATIN OF PHILADELPHIA CHARTER SCHOOL,5501 CEDAR AVE,19143,(215) 387-5149,HIGH SCHOOL,9-12,754,2,CHARTER,312,20070.04296875,608.529326816832
226514352,,,NAZARETH ACADEMY GRADE SCHOOL,NAZARETH ACADEMY GRADE SCHOOL,4701 GRANT AVE,19114,(215) 637-7777,ELEMENTARY/MIDDLE,1-8,,3,PRIVATE,313,36863.0390625,1171.05578576042
300515320,,,PRODIGY LEARNING CENTERS,PRODIGY LEARNING CENTERS,3345 W HUNTING PARK AVE,19132,(215) 228-7678,PRE-K/ELEMENTARY,PREK-5,,3,PRIVATE,314,6381.91015625,335.01996986179
126515001,7903,1030,HIGH SCHOOL OF THE FUTURE,HIGH SCHOOL OF THE FUTURE,4021 PARKSIDE AVE,19104,(215) 400-7790,HIGH SCHOOL,9-12,648,1,DISTRICT,315,82500.56640625,1913.13382681791
226515462,,,PHILADELPHIA SCHOOL,PHILADELPHIA SCHOOL,2501-29 LOMBARD ST,19146,(215) 545-5323,ELEMENTARY/MIDDLE,PREK-8,,3,PRIVATE,316,4438.14453125,338.803769144937
326514392,,,K012 KIDS SCHOOL,K012 KIDS SCHOOL,1112 CHESTNUT ST,19107,(215) 545-2930,PRE-K/ELEMENTARY,PREK-3,,3,PRIVATE,317,5661.1484375,359.387314080342
226511602,,,FATHER JUDGE HIGH SCHOOL,FATHER JUDGE HIGH SCHOOL,3301 SOLLY AVE,19136,(215) 338-9494,HIGH SCHOOL,9-12,,3,ARCHDIOCESE,318,36646.6875,809.981536850308
126515001,3783,1390,"POWEL, SAMUEL SCHOOL",SAMUEL POWEL SCHOOL,3610 WARREN ST,19104,(215) 400-7740,ELEMENTARY SCHOOL,K-4,342,1,DISTRICT,319,12435.45703125,479.644781784987
126515001,,2050,SCIENCE LEADERSHIP ACADEMY MIDDLE SCHOOL,SCIENCE LEADERSHIP ACADEMY MIDDLE SCHOOL,3610 WARREN ST,19104,(215) 400-8320,MIDDLE SCHOOL,5-8,351,1,DISTRICT,320,12435.45703125,479.644781784987
126513000,7546,3312,MULTI-CULTURAL ACADEMY,MULTICULTURAL ACADEMY CHARTER SCHOOL,3821 N BROAD ST,19140,(215) 457-6666,HIGH SCHOOL,9-12,261,2,CHARTER,321,3206.01953125,238.725395563142
126515001,5040,4460,"DUCKREY, TANNER SCHOOL",TANNER G. DUCKREY SCHOOL,1501 W DIAMOND ST,19121,(215) 400-7350,ELEMENTARY/MIDDLE,K-8,402,1,DISTRICT,322,31638.7421875,716.782569718789
126515001,3842,5060,"MASTBAUM, JULES E. HIGH SCHOOL",JULES E. MASTBAUM AREA VOCATIONAL TECHNICAL HIGH SCHOOL,3116 FRANKFORD AVE,19134,(215) 400-7220,HIGH SCHOOL,9-12,676,1,DISTRICT,323,13918.875,527.703668862547
126515001,7368,7500,FELTONVILLE ARTS & SCIENCES,FELTONVILLE SCHOOL OF ARTS AND SCIENCES,210 E COURTLAND ST,19120,(215) 400-3810,MIDDLE SCHOOL,6-8,505,1,DISTRICT,324,14296.12109375,544.441848686068
126515001,7226,2190,"FELL, D. NEWLIN SCHOOL",D. NEWLIN FELL SCHOOL,900 W OREGON AVE,19148,(215) 400-8260,ELEMENTARY/MIDDLE,K-8,519,1,DISTRICT,325,5821.3125,348.157126444059
126510023,7910,3385,MASTERY CHARTER-THOMAS CAMPUS,MASTERY CHARTER SCHOOL AT THOMAS CAMPUS,927 JOHNSTON ST,19148,(267) 236-0036,ELEMENTARY/MIDDLE/HIGH,K-12,1269,2,CHARTER,326,10048.72265625,493.462852869805
126515001,3816,7120,"FELS, SAMUEL HIGH SCHOOL",SAMUEL FELS HIGH SCHOOL,5500 LANGDON ST,19124,(215) 400-7100,HIGH SCHOOL,9-12,1228,1,DISTRICT,327,159305.47265625,1733.11711535412
126517442,8251,3421,UNIVERSAL CREIGHTON CHARTER,UNIVERSAL CHARTER SCHOOL AT CREIGHTON,5401 TABOR AVE,19120,(215) 537-2531,ELEMENTARY/MIDDLE,K-8,652,2,CHARTER,328,15521.61328125,554.969010209298
126515001,7175,5170,"DEBURGOS, J. ELEMENTARY",JULIA DE BURGOS SCHOOL,401 W LEHIGH AVE,19133,(215) 400-7080,ELEMENTARY/MIDDLE,K-8,512,1,DISTRICT,329,16633.31640625,567.497513058824
,,,,JAMES LOGAN SCHOOL,1700 LINDLEY AVE,19141,(215) 400-3670,ELEMENTARY SCHOOL,K-5,223,1,DISTRICT,330,25179.21875,644.500810370863
126515001,6996,2020,CREATIVE AND PERFORMING ARTS,HIGH SCHOOL FOR CREATIVE AND PERFORMING ARTS SCHOOL,901 S BROAD ST,19147,(215) 400-8140,HIGH SCHOOL,9-12,597,1,DISTRICT,331,19116.8046875,559.318733027542
126512840,7510,3301,COMMUNITY ACADEMY OF PHILADELPHIA,COMMUNITY ACADEMY OF PHILADELPHIA CHARTER SCHOOL,1100 E ERIE AVE,19124,(215) 533-6700,ELEMENTARY/MIDDLE/HIGH,K-12,1251,2,CHARTER,332,42952.11328125,977.530884614301
226515392,,,QUBA INSTITUTE OF ARABIC & ISLAMIC STUDIES,QUBA INSTITUTE OF ARABIC & ISLAMIC STUDIES,4637 LANCASTER AVE,19131,(215) 473-8589,ELEMENTARY/MIDDLE,K-8,,3,PRIVATE,333,253.90625,85.4378821113119
126515001,3732,7200,BARTON SCHOOL,CLARA BARTON SCHOOL,4600 ROSEHILL ST,19120,(215) 400-3720,ELEMENTARY SCHOOL,K-2,423,1,DISTRICT,334,21839.10546875,612.091818047594
126515001,7850,5050,PHILADELPHIA MILITARY ACADEMY,PHILADELPHIA MILITARY ACADEMY,2118 N 13TH ST,19122,(215) 400-7420,HIGH SCHOOL,9-12,264,1,DISTRICT,335,13315.08984375,494.689094165705
126510929,3446,,PHILADELPHIA HEBREW PUBLIC CHARTER SCHOOL,PHILADELPHIA HEBREW PUBLIC CHARTER SCHOOL,3300 HENRY AVE,19129,(267) 225-1511,ELEMENTARY SCHOOL,K-2,614,2,CHARTER,336,89499.1796875,1200.67186608013
126510007,7724,3362,WISSAHICKON CHARTER SCHOOL,WISSAHICKON CHARTER SCHOOL,4700 WISSAHICKON AVE,19144,(267) 338-1020,ELEMENTARY/MIDDLE,K-8,998,2,CHARTER,337,117288.80859375,1523.60845541872
126515001,3861,6040,"SAUL, WALTER B. HIGH SCHOOL",WALTER B. SAUL HIGH SCHOOL,7100 HENRY AVE,19128,(215) 400-3450,HIGH SCHOOL,9-12,406,1,DISTRICT,338,155126.3203125,1763.92545658594
126515001,6527,8030,"WASHINGTON, GEORGE HIGH SCHOOL",GEORGE WASHINGTON HIGH SCHOOL,10175 BUSTLETON AVE,19116,(215) 400-3100,HIGH SCHOOL,9-12,1795,1,DISTRICT,339,208857.828125,2006.74992139419
126515001,7780,1050,"ROBESON, PAUL HIGH SCHOOL",PAUL ROBESON HIGH SCHOOL FOR HUMAN SERVICES,4125 LUDLOW ST,19104,(215) 400-7780,HIGH SCHOOL,9-12,300,1,DISTRICT,340,6312.8515625,410.173844768612
126515001,7072,8090,SWENSON ARTS/TECH HIGH SCHOOL,SWENSON ARTS AND TECHNOLOGY HIGH SCHOOL,2750 RED LION RD,19114,(215) 400-3140,HIGH SCHOOL,9-12,780,1,DISTRICT,341,74165.1875,1088.31258018342
126515001,4732,1470,"LOCKE, ALAIN SCHOOL",ALAIN LOCKE SCHOOL,4550 HAVERFORD AVE,19139,(215) 400-7670,ELEMENTARY/MIDDLE,K-8,276,1,DISTRICT,342,29365.04296875,682.401676279964
,,,,OIC CADI,444 N 3RD ST,19123,(215) 567-2410,HIGH SCHOOL,9-12,163,1,CONTRACTED,343,13766.203125,536.172889939588
126515001,7811,6540,LANKENAU HIGH SCHOOL,LANKENAU HIGH SCHOOL,201 SPRING LN,19128,(215) 400-3420,HIGH SCHOOL,9-12,225,1,DISTRICT,344,117124.6953125,1405.77011002987
173515368,7985,3394,PAN AMERICAN ACADEMY CHARTER,PAN AMERICAN ACADEMY CHARTER SCHOOL,2830 N AMERICAN ST,19133,(215) 425-1212,ELEMENTARY/MIDDLE,K-8,767,2,CHARTER,345,9164.765625,467.127069257651
126515001,3725,6380,SHAWMONT SCHOOL,SHAWMONT SCHOOL,535 SHAWMONT AVE,19128,(215) 400-3440,ELEMENTARY/MIDDLE,K-8,457,1,DISTRICT,346,17605.36328125,580.77919141284
226510080,,,CRISTO REY PHILADELPHIA HIGH SCHOOL,CRISTO REY PHILADELPHIA HIGH SCHOOL,1717 W ALLEGHENY AVE,19132,(215) 219-3943,HIGH SCHOOL,9-12,,3,PRIVATE,347,40605.35546875,934.746586950614
126513020,7548,3314,WEST OAK LANE CHARTER SCHOOL,WEST OAK LANE CHARTER SCHOOL,7115 STENTON AVE,19138,(215) 927-7995,ELEMENTARY/MIDDLE,K-8,1007,2,CHARTER,348,29914.03125,746.205667115523
126515001,6530,1340,"LEA, HENRY C.",HENRY C. LEA SCHOOL,4700 LOCUST ST,19139,(215) 400-7660,ELEMENTARY/MIDDLE,K-8,463,1,DISTRICT,349,6380.1015625,326.434535270097
326517668,,,HYACINTH MONTESSORI,HYACINTH MONTESSORI,5050 BALTIMORE AVE,19143,(267) 209-0869,ELEMENTARY SCHOOL,K-6,,3,PRIVATE,350,660.15625,120.082528137654
126515001,3702,5410,"SHEPPARD, ISAAC A. SCHOOL",ISAAC A. SHEPPARD SCHOOL,120 W CAMBRIA ST,19133,(215) 400-7070,ELEMENTARY SCHOOL,K-4,107,1,DISTRICT,351,3813.640625,274.808010442385
126515001,3722,6340,"PENNELL, JOSEPH ELEMENTARY",JOSEPH PENNELL SCHOOL,1800 NEDRO AVE,19141,(215) 400-3680,ELEMENTARY SCHOOL,K-5,249,1,DISTRICT,352,14290.078125,507.053878405762
126515001,3808,2140,"MASTERMAN,JULIA R. HIGH SCHOOL",JULIA R. MASTERMAN SCHOOL,1699 SPRING GARDEN ST,19130,(215) 400-7580,MIDDLE/HIGH,5-12,1221,1,DISTRICT,353,5332.70703125,292.860824870223
126515001,3798,1370,MITCHELL ELEMENTARY SCHOOL,S. WEIR MITCHELL SCHOOL,5500 KINGSESSING AVE,19143,(215) 400-7880,ELEMENTARY/MIDDLE,K-8,271,1,DISTRICT,354,18586.5390625,566.142705613692
226517319,,,SOPHIA ACADEMY,SOPHIA ACADEMY,5900 N 5TH ST,19120,(267) 595-4723,HIGH SCHOOL,9-12,,3,PRIVATE,355,2440.40234375,229.69830443349
126515001,7855,5550,KENSINGTON HEALTH SCIENCES,KENSINGTON HEALTH SCIENCES ACADEMY,2463 EMERALD ST,19125,(215) 400-3600,HIGH SCHOOL,9-12,461,1,DISTRICT,356,6650.51171875,363.868472186801
126515001,3601,1230,"BRYANT, WILLIAM C. SCHOOL",WILLIAM C. BRYANT SCHOOL,6001 CEDAR AVE,19143,(215) 400-7910,ELEMENTARY/MIDDLE,K-8,332,1,DISTRICT,357,17606.27734375,573.048691464547
126515001,3655,5560,SPRING GARDEN SCHOOL,SPRING GARDEN SCHOOL,1146 MELON ST,19123,(215) 400-7610,ELEMENTARY/MIDDLE,K-8,247,1,DISTRICT,358,7470.51953125,411.524644511474
126512039,,3442,INDEPENDENCE CHARTER WEST,IMPACT CHARTER SCHOOL WEST,5600 CHESTER AVE,19143,(215) 724-5600,ELEMENTARY/MIDDLE,K-8,815,2,CHARTER,359,2565.30859375,288.626505744843
226519242,,,ST PIO REGIONAL CATHOLIC SCHOOL,ST PIO CATHOLIC REGIONAL SCHOOL,1826 POLLOCK ST,19145,(215) 467-5430,ELEMENTARY/MIDDLE,PREK-8,,3,ARCHDIOCESE,360,2417.078125,282.735643575978
226519382,,,ST THOMAS AQUINAS SCHOOL,ST THOMAS AQUINAS SCHOOL,1616 S 18TH ST,19145,(215) 334-0878,ELEMENTARY/MIDDLE,PREK-8,,3,PRIVATE,361,1655.53515625,192.990802686323
226519442,,,ST VERONICA SCHOOL,ST VERONICA SCHOOL,3501-25 N 6TH ST,19140,(215) 225-1575,ELEMENTARY/MIDDLE,K-8,,3,PRIVATE,362,1023.32421875,140.144970569627
126515001,3832,1130,TILDEN MIDDLE SCHOOL,WILLIAM T. TILDEN SCHOOL,6601 ELMWOOD AVE,19142,(215) 400-8170,MIDDLE SCHOOL,5-8,230,1,DISTRICT,363,7046.109375,365.946293818939
226519752,,,VISITATION SCHOOL,VISITATION B.V.M. SCHOOL,300-40 E LEHIGH AVE,19125,(215) 634-7280,ELEMENTARY/MIDDLE,PREK-8,,3,ARCHDIOCESE,364,1949.84375,201.044201774591
226519902,,,WEST CATHOLIC PREPARATORY HIGH SCHOOL,WEST CATHOLIC HIGH SCHOOL,4501-17 CHESTNUT ST,19139,(215) 386-2244,HIGH SCHOOL,9-12,,3,ARCHDIOCESE,365,7239.27734375,562.639747199067
,,,LIGUORI ACADEMY-FORTIS,THE FORTIS PROGRAM,2343 E TUCKER ST ,19125,(267) 571-1952,HIGH SCHOOL,9-12,105,1,CONTRACTED,366,1854.58984375,188.782686708451
,,,,ONE BRIGHT RAY - FAIRHILL CAMPUS,2820 N 4TH ST,19133,(215) 423-1776,HIGH SCHOOL,9-12,200,1,CONTRACTED,367,1064.71875,131.588420992497
326510730,,,LIGUORI ACADEMY,LIGUORI ACADMY,2343 E TUCKER ST ,19125,(267) 571-1952,HIGH SCHOOL,9-12,,3,PRIVATE,368,1854.58984375,188.782686708451
126510014,7777,3366,MARITIME ACADEMY CHARTER,MARITIME ACADEMY CHARTER SCHOOL (MACS),2275 BRIDGE ST,19137,(215) 535-4555,ELEMENTARY/MIDDLE/HIGH,K-8,833,2,CHARTER,369,1584.55859375,214.583386123587
126515001,3726,6450,"DOBSON, JAMES SCHOOL",JAMES DOBSON SCHOOL,4667 UMBRIA ST,19127,(215) 400-3570,ELEMENTARY/MIDDLE,K-8,253,1,DISTRICT,370,6591.9765625,328.196891633848
126515001,3728,6400,WIDENER MEMORIAL SCHOOL,WIDENER MEMORIAL SCHOOL,1450 W OLNEY AVE,19141,(215) 400-3710,ELEMENTARY/MIDDLE/HIGH,K-12,138,1,DISTRICT,371,21581.2734375,1633.66711306837
326510179,,,YALE SCHOOL OF PHILADELPHIA,YALE SCHOOL OF PHILADELPHIA,135 RECTOR ST,19127,(215) 839-0525,ELEMENTARY/MIDDLE/HIGH,K-12,,3,PRIVATE,372,1406.20703125,170.773643951739
126515001,7233,7460,"ZIEGLER, WILLIAM H. SCHOOL",WILLIAM H. ZIEGLER SCHOOL,5935 SAUL ST,19149,(215) 400-3260,ELEMENTARY/MIDDLE,K-8,507,1,DISTRICT,373,5696.1796875,490.461659571534
226512152,,,HOLY CROSS SCHOOL,HOLY CROSS SCHOOL,148-54 E MOUNT AIRY AVE,19119,(215) 242-0414,ELEMENTARY/MIDDLE,PREK-8,,3,PRIVATE,374,1444.125,210.20597271054
226512252,,,HOLY INNOCENTS SCHOOL,HOLY INNOCENTS CATHOLIC SCHOOL,1312 E BRISTOL ST,19124,(215) 743-5909,ELEMENTARY/MIDDLE,PREK-8,,3,ARCHDIOCESE,375,1449.78125,167.320208057145
,,,,PENN TREATY HIGH SCHOOL,600 E THOMPSON ST,19125,(215) 400-3800,MIDDLE/HIGH,6-12,345,1,DISTRICT,376,9303.828125,400.904239755018
226512352,,,HOLY REDEEMER SCHOOL,HOLY REDEEMER CHINESE CATHOLIC SCHOOL,903-27 VINE ST,19107,(215) 922-0999,ELEMENTARY/MIDDLE,K-8,,3,ARCHDIOCESE,377,1185.11328125,185.176520776157
226512702,,,IMMACULATE HEART OF MARY SCHOOL,IMMACULATE HEART OF MARY SCHOOL,815-23 CATHEDRAL RD,19128,(215) 482-2029,ELEMENTARY/MIDDLE,PREK-8,,3,ARCHDIOCESE,378,4548.703125,499.43560736962
126513734,8207,3416,MASTERY CHARTER @ GRATZ HIGH,MASTERY CHARTER SCHOOL AT GRATZ,1798 W HUNTING PARK AVE,19140,(215) 227-4408,MIDDLE/HIGH,7-12,1097,2,CHARTER,379,18727.78125,883.488284901088
126517643,,,MASTERY PREP ELEMENTARY CHARTER SCHOOL,MASTERY PREP ELEMENTARY CHARTER SCHOOL,1801 W PIKE ST,19140,(215) 866-0067,ELEMENTARY SCHOOL,K-3,602,2,CHARTER,380,7012.8828125,349.324369737406
226514052,,,MATERNITY BVM SCHOOL,MATERNITY BVM SCHOOL,9322 OLD BUSTLETON AVE,19115,(215) 673-0235,ELEMENTARY/MIDDLE,PREK-8,,3,ARCHDIOCESE,381,6541.046875,662.930547707798
,,,"MATHEMATICS, SCIENCE AND TECHNOLOGY COMMUNITY CHARTER SCHOOL II",MAST COMMUNITY CHARTER SCHOOL II (LAWNCREST CAMPUS),6238 RISING SUN AVE,19111,(215) 398-7960,ELEMENTARY SCHOOL,K-2,,2,CHARTER,382,3799.640625,300.425731135962
226514252,,,MOTHER DIVINE GRACE SCHOOL,MOTHER OF DIVINE GRACE SCHOOL,2612 E MONMOUTH ST,19134,(215) 426-7325,ELEMENTARY/MIDDLE,PREK-8,,3,ARCHDIOCESE,383,876.9375,124.581314502526
226518002,,,ST HUBERTS CATHOLIC HIGH SCHOOL,ST HUBERT CATHOLIC HIGH SCHOOL FOR GIRLS,7320 TORRESDALE AVE,19136,(215) 624-6840,HIGH SCHOOL,9-12,,3,ARCHDIOCESE,384,26272.55859375,848.57214530725
126515001,7522,5680,"MUNOZ-MARIN, HON LUIS SCHOOL",HONORABLE LUIS MUNOZ-MARIN SCHOOL,3300 N 3RD ST,19140,(215) 400-3920,ELEMENTARY/MIDDLE,K-8,482,1,DISTRICT,385,9316.3828125,781.848412520583
226514402,,,NAZARETH ACADEMY HIGH SCHOOL,NAZARETH ACADEMY HIGH SCHOOL,4001 GRANT AVE,19114,(215) 637-7676,HIGH SCHOOL,9-12,,3,PRIVATE,386,5975.8359375,608.136790629512
,,,,AD PRIMA CHARTER SCHOOL,8034 THOURON AVE,19150,(215) 488-7095,ELEMENTARY/MIDDLE,K-8,,2,CHARTER,387,5044.33984375,365.356200047538
,,,ZHANG SAH MARTIAL ARTS & LEARNING CENTER,ZHANG SAH MARTIAL ARTS & LEARNING CENTER,530 BAINBRIDGE ST,19147,(215) 923-6676,PRE-K/KINDERGARTEN,PREK-K,,3,PRIVATE,388,420.9140625,93.9730228194958
,,,KIPP PHILADELPHIA OCTAVIUS CATTO ELEMENTARY,KIPP OCTAVIUS CATTO ELEMENTARY,4601 MARKET ST,19139,(267) 417-3070,ELEMENTARY,K-4,476,2,CHARTER,389,91884.62109375,1850.48397757178
,,,MARITIME ACADEMY CHARTER SCHOOL (MACS),MARITIME ACADEMY CHARTER SCHOOL (MACS),2700 E HUNTINGDON ST,19125,(215) 427-3090,HIGH SCHOOL,9-12,,2,CHARTER,390,5637.265625,364.964376086733
,,,MASTERY CHARTER SCHOOL THOMAS CAMPUS,MASTERY CHARTER SCHOOL THOMAS CAMPUS,814 BIGLER ST,19148,(267) 296-7000,ELEMENTARY SCHOOL,K-6,,2,CHARTER,391,4297.64453125,439.685113876099
226510682,,,BLAIR CHRISTIAN ACADEMY & PRESCHOOL,BLAIR CHRISTIAN ACADEMY & PRESCHOOL,212-20 W UPSAL ST,19119,(215) 438-6557,ELEMENTARY/MIDDLE,PREK-8,,3,PRIVATE,392,14140.90234375,512.737321206214
126515001,7256,5200,"ADAIRE, ALEXANDER SCHOOL",ALEXANDER ADAIRE SCHOOL,1300 E PALMER ST,19125,(215) 400-7480,ELEMENTARY/MIDDLE,K-8,451,1,DISTRICT,393,11936.6484375,445.765099133762
126515001,8029,1200,"BARRY, JOHN ELEMENTARY SCHOOL",JOHN BARRY SCHOOL,5900 RACE ST,19139,(215) 400-7640,ELEMENTARY/MIDDLE,K-8,442,1,DISTRICT,394,6964.12890625,352.776045402134
126515001,,8780,PHILADELPHIA VIRTUAL ACADEMY,PHILADELPHIA VIRTUAL ACADEMY,440 N BROAD ST,19130,(215) 400-3110,ELEMENTARY/MIDDLE/HIGH,K-12,1174,1,DISTRICT,395,33046.55078125,742.739405228373
226516202,,,ST ANSELM ELEMENTARY SCHOOL,ST ANSELM ELEMENTARY SCHOOL,12650 DUNKS FERRY RD,19154,(215) 632-1133,ELEMENTARY/MIDDLE,PREK-8,,3,ARCHDIOCESE,396,1938.29296875,187.386552453857
126515001,5294,6470,"KELLY, JOHN B. SCHOOL",JOHN B. KELLY SCHOOL,5116 PULASKI AVE,19144,(215) 400-3580,ELEMENTARY SCHOOL,K-5,346,1,DISTRICT,397,33548.37109375,775.832912390268
126510011,7775,3372,DISCOVERY CHARTER SCHOOL,DISCOVERY CHARTER SCHOOL,4700 PARKSIDE AVE,19131,(215) 879-8182,ELEMENTARY/MIDDLE,K-8,641,2,CHARTER,398,25756.58984375,702.040231904078
126513070,7557,3308,BELMONT ACADEMY CHARTER SCHOOL,BELMONT ACADEMY CHARTER SCHOOL,907 N 41ST ST,19104,(215) 386-5768,ELEMENTARY SCHOOL,PREK-K,,2,CHARTER,399,6561.3125,413.182641624453
226514502,,,NORWOOD FONTBONNE ACADEMY,NORWOOD-FONTBONNE ACADEMY,8891 GERMANTOWN AVE,19118,(215) 247-3811,ELEMENTARY/MIDDLE,PREK-8,,3,PRIVATE,400,41474.234375,980.120835239839
126515001,4963,7290,"STEARNE, ALLEN M. SCHOOL",ALLEN M. STEARNE SCHOOL,1655 UNITY ST,19124,(215) 400-3980,ELEMENTARY/MIDDLE,K-8,370,1,DISTRICT,401,12140.58203125,446.338603257104
,,,PHILADELPHIA CONTINUATION ACADEMY,PHILADELPHIA CONTINUATION ACADEMY,100 W DUNCANNON AVE,19120,,HIGH SCHOOL,9-12,46,1,CONTRACTED,402,44830.48828125,860.807253818331
126511624,3445,,MAST III CHARTER SCHOOL,MAST III CHARTER SCHOOL,1 CROWN WAY,19154,(267) 348-1100,ELEMENTARY SCHOOL,K-11,1328,2,CHARTER,403,282432.3671875,2450.33780241866
126515001,7852,5520,KENSINGTON CAPA,KENSINGTON HIGH SCHOOL FOR CREATIVE AND PERFORMING ARTS,1901 N FRONT ST,19122,(215) 400-7400,HIGH SCHOOL,9-12,504,1,DISTRICT,404,49665.51953125,1268.20988717411
126515001,7905,2670,CONSTITUTION HIGH SCHOOL,CONSTITUTION HIGH SCHOOL,18 S 7TH ST,19106,(215) 400-7850,HIGH SCHOOL,9-12,410,1,DISTRICT,405,2653.296875,211.746807181467
126510009,7737,3358,PHILADELPHIA ELECTRICAL AND TECHNOLOGY CHARTER SCHOOL,PHILADELPHIA ELECTRICAL AND TECHNOLOGY CHARTER SCHOOL,1709 BENJAMIN FRANKLIN PKWY,19103,(267) 514-1823,HIGH SCHOOL,9-12,627,2,CHARTER,406,1317.546875,164.08500439964
300511820,,,BEGINNINGS LEARNING CENTER,BEGINNINGS LEARNING CENTER,620 S 10TH ST,19147,(215) 627-3668,PRE-K/KINDERGARTEN,PREK-K,,3,PRIVATE,407,309.57421875,95.7557161515327
126515001,3662,4220,"BLAINE, JAMES G. SCHOOL",JAMES G. BLAINE SCHOOL,3001 W BERKS ST,19121,(215) 400-7330,ELEMENTARY/MIDDLE,K-8,299,1,DISTRICT,408,18632.609375,601.352231081128
126515001,3769,8300,MAYFAIR SCHOOL,MAYFAIR SCHOOL,3001 PRINCETON AVE,19149,(215) 400-3280,ELEMENTARY/MIDDLE,K-8,1746,1,DISTRICT,409,78229.32421875,1225.02200170995
326513292,,,REVOLUTION SCHOOL,REVOLUTION SCHOOL,230 S BROAD ST,19102,(215) 631-3697,HIGH SCHOOL,9-12,,3,PRIVATE,410,1773.9921875,214.872818149918
226515602,,,ROMAN CATHOLIC HIGH SCHOOL,ROMAN CATHOLIC HIGH SCHOOL,301 N BROAD ST,19107,(215) 627-1270,HIGH SCHOOL,9-12,,3,ARCHDIOCESE,411,4314.71484375,265.993834043563
226511622,,,FRANKFORD FRIENDS SCHOOL,FRANKFORD FRIENDS SCHOOL,1500 ORTHODOX ST,19124,(215) 533-5368,ELEMENTARY/MIDDLE,PREK-8,,3,PRIVATE,412,3356.79296875,242.782454870631
,,3322,PHILADELPHIA ACADEMY CHARTER SCHOOL (ANNEX),PHILADELPHIA ACADEMY CHARTER SCHOOL,1700 TOMLINSON RD,19116,(215) 673-3990,HIGH SCHOOL,9-12,,2,CHARTER,413,33499.375,752.016549964644
126515001,3744,7330,"LAWTON, HENRY W. SCHOOL",HENRY W. LAWTON SCHOOL,6101 JACKSON ST,19135,(215) 400-3340,ELEMENTARY SCHOOL,K-5,513,1,DISTRICT,414,14273.9609375,497.912313670906
300514330,,,POLITZ HEBREW ACADEMY,POLITZ HEBREW ACADEMY,9229 OLD BUSTLETON AVE,19115,(215) 969-5960,ELEMENTARY/MIDDLE,K-8,,3,PRIVATE,415,23194.8046875,609.76395338714
126518118,3731,3427,MASTERY CHARTER @ WISTER,MASTERY CHARTER SCHOOL AT WISTER,67 E BRINGHURST ST,19144,(215) 951-4003,ELEMENTARY SCHOOL,K-5,505,2,CHARTER,416,24405.03515625,737.85297067565
126515001,3860,1020,WEST PHILADELPHIA HIGH SCHOOL,WEST PHILADELPHIA HIGH SCHOOL,4901 CHESTNUT ST,19139,(215) 400-7900,HIGH SCHOOL,9-12,729,1,DISTRICT,417,31639.375,771.058471691504
126514864,,3353,KIPP DUBOIS CHARTER SCHOOL,KIPP DUBOIS COLLEGIATE ACADEMY,5070 PARKSIDE AVE,19131,(215) 307-3465,HIGH SCHOOL,9-12,504,2,CHARTER,418,26202.359375,859.562225465769
226514852,,,OUR LADY OF CALVARY SCHOOL,OUR LADY OF CALVARY SCHOOL,11023 KIPLING LN,19154,(215) 637-1648,ELEMENTARY/MIDDLE,PREK-8,,3,ARCHDIOCESE,419,2929.09765625,344.004521655331
226514552,,,OUR LADY OF PORT RICHMOND SCHOOL,OUR LADY OF PORT RICHMOND SCHOOL,3233 E THOMPSON ST,19134,(215) 739-1920,ELEMENTARY/MIDDLE,PREK-8,,3,ARCHDIOCESE,420,4114.0859375,364.740867553092
226515302,,,OUR MOTHER OF CONSOLATION,OUR MOTHER OF CONSOLATION SCHOOL,7-29 E CHESTNUT HILL AVE,19118,(215) 995-3042,ELEMENTARY/MIDDLE,PREK-8,,3,ARCHDIOCESE,421,1380.3984375,166.278778676466
126515001,7706,1280,PENN ALEXANDER SCHOOL,SADIE ALEXANDER SCHOOL,4209 SPRUCE ST,19104,(215) 400-7760,ELEMENTARY/MIDDLE,K-8,601,1,DISTRICT,422,5135.78125,370.415970403908
226518092,,,ST JEROME SCHOOL,ST JEROME SCHOOL,3031 STAMFORD ST,19136,(215) 624-0637,ELEMENTARY/MIDDLE,PREK-8,,3,ARCHDIOCESE,423,4161.05078125,417.777330116594
226516302,,,ST ATHANASIUS IMMACULATE CONCEPTION SCHOOL,ST ATHANASIUS IMMACULATE CONCEPTION SCHOOL,7105 LIMEKILN PIKE,19138,(215) 424-5045,ELEMENTARY/MIDDLE,PREK-8,,3,ARCHDIOCESE,424,2019.75390625,263.878129815264
,,8540,PENNYPACK HOUSE SCHOOL,PENNYPACK HOUSE SCHOOL,7901 STATE RD,19136,(215) 685-7752,HIGH SCHOOL,9-12,75,1,DISTRICT,425,62396.39453125,2915.36513105337
226515552,,,RESURRECTION REGIONAL CATHOLIC SCHOOL,RESURRECTION REGIONAL CATHOLIC SCHOOL,2020 SHELMIRE AVE.,19152,(215) 742-1127,ELEMENTARY/MIDDLE,PREK-8,,3,ARCHDIOCESE,426,3352.921875,340.177532707251
226510502,,,SAINT LUCY SCHOOL FOR THE VISUALLY IMPAIRED,SAINT LUCY SCHOOL FOR THE VISUALLY IMPAIRED,3031 STAMFORD ST,19136,(215) 333-2496,ELEMENTARY/MIDDLE,K-8,,3,ARCHDIOCESE,427,4161.05078125,417.777330116594
226518332,,,ST KATHERINE SIENA SCHOOL,ST KATHERINE OF SIENA SCHOOL,9720-88 FRANKFORD AVE,19114,(215) 637-2181,ELEMENTARY/MIDDLE,PREK-8,,3,ARCHDIOCESE,428,5277.046875,461.428853810092
226516452,,,ST BARNABAS CATHOLIC SCHOOL,ST BARNABAS CATHOLIC SCHOOL,6334 BUIST AVE,19142,(215) 729-3603,ELEMENTARY/MIDDLE,PREK-8,,3,PRIVATE,429,1490.2578125,176.594603434361
,,,,AVERY D. HARRINGTON SCHOOL,5300 BALTIMORE AVE,19143,(215) 400-7920,ELEMENTARY/MIDDLE,K-8,259,1,DISTRICT,430,11151.984375,433.895738082599
226517052,,,ST CECILIA SCHOOL,ST CECILIA SCHOOL,535 RHAWN ST,19111,(215) 725-8588,ELEMENTARY/MIDDLE,PREK-8,,3,ARCHDIOCESE,431,6098.02734375,584.005574828527
226517152,,,ST CHRISTOPHER SCHOOL,ST CHRISTOPHER SCHOOL,13305 PROCTOR RD,19116,(215) 673-5787,ELEMENTARY/MIDDLE,PREK-8,,3,ARCHDIOCESE,432,9295.02734375,917.407139596837
226517302,,,ST DOMINIC SCHOOL,ST DOMINIC SCHOOL,8510 FRANKFORD AVE,19136,(215) 333-6703,ELEMENTARY/MIDDLE,PREK-8,,3,ARCHDIOCESE,433,5169.15625,459.555521217893
226517552,,,ST FRANCIS DESALES SCHOOL,ST FRANCIS DESALES SCHOOL,917 S 47TH ST,19143,(215) 387-1749,ELEMENTARY/MIDDLE,PREK-8,,3,ARCHDIOCESE,434,2239.91015625,244.685914746512
226517752,,,ST GEORGE SCHOOL,ST GEORGE SCHOOL,2700 E VENANGO ST,19134,(215) 634-8803,ELEMENTARY/MIDDLE,PREK-8,,3,ARCHDIOCESE,435,2298.359375,358.694767429758
226518752,,,ST MARTIN OF TOURS SCHOOL,ST MARTIN OF TOURS SCHOOL,5400 E ROOSEVELT BLV,19124,(215) 744-0444,ELEMENTARY/MIDDLE,PREK-8,,3,PRIVATE,436,3029.515625,396.345979229009
,,,YESHIVA KETANA OF PHILADELPHIA,YESHIVA KETANA OF PHILADELPHIA,5900 DREXEL RD,19131,(610) 756-8367,ELEMENTARY SCHOOL,K-4,,3,PRIVATE,437,9760.62109375,434.048884689977
,,,BELMONT ELEMENTARY CHARTER,BELMONT CHARTER SCHOOL,4030 BROWN ST,19104,(215) 823-8208,ELEMENTARY/MIDDLE/HIGH,K-12,928,2,CHARTER,438,21289.87109375,582.172759657816
,,,DEEP ROOTS CHARTER SCHOOL,DEEP ROOTS CHARTER SCHOOL,3556 FRANKFORD AVE,19134,(267) 399-3727,ELEMENTARY SCHOOL,K-5,343,2,CHARTER,439,2540.6484375,221.101891803438
0,,,ST MATTHEW SCHOOL,ST MATTHEW SCHOOL,3040 COTTMAN AVE,19149,(215) 333-3142,ELEMENTARY/MIDDLE,PREK-8,,3,ARCHDIOCESE,440,8223,911.947354523838
,,,ST MONICA SCHOOL (JUNIOR SCHOOL),ST MONICA JUNIOR SCHOOL,1720 RITNER ST,19145,(215) 334-3777,ELEMENTARY SCHOOL,K-4,,3,ARCHDIOCESE,441,2282.5546875,241.374241337246
226519142,,,ST PETER THE APOSTLE SCHOOL,ST PETER THE APOSTLE SCHOOL,1009 N 5TH ST,19123,(215) 922-5958,ELEMENTARY/MIDDLE,PREK-8,,3,ARCHDIOCESE,442,1430.3828125,165.050539914738
,,,NEW FOUNDATIONS CHARTER SCHOOL,NEW FOUNDATIONS CHARTER SCHOOL,4850 RHAWN ST,19136,(215) 344-6410,HIGH SCHOOL,9-12,,2,CHARTER,443,7015.015625,469.090889265574
126513452,8205,3414,OLNEY HIGH SCHOOL,OLNEY HIGH SCHOOL CONTINUATION ACADEMY,100 W DUNCANNON AVE,19120,(215) 400-9140,HIGH SCHOOL,9-12,17,1,CONTRACTED,444,45069.03515625,860.835428866219
,,8890,ONE BRIGHT RAY-SIMPSON CAMPUS,ONE BRIGHT RAY - SIMPSON EVENING,1142 E ERIE AVE,19124,(215) 744-6000,HIGH SCHOOL,9-12,131,1,CONTRACTED,445,6152.1484375,395.611377422903
133513315,8149,3406,JOHN B STETSON MIDDLE SCHOOL,JOHN B STETSON MIDDLE SCHOOL CONTINUATION ACADEMY,3200 B ST,19134,(215) 400-9150,,5-8,13,1,CONTRACTED,446,11147.5859375,511.44484046529
,,,,WISSAHICKON CHARTER SCHOOL,815 E WASHINGTON LN,19138,(267) 774-4370,ELEMENTARY/MIDDLE,K-8,,2,CHARTER,447,25616.24609375,702.274481908835
,,,,MILL CREEK SCHOOL,4601 MARKET ST,19139,(215) 471-4900,MIDDLE/HIGH,7-12,,3,PRIVATE,448,8369.7265625,510.023073711763
,3766,8270,"(TEMPORARY) HOLME, THOMAS SCHOOL",(TEMPORARY) THOMAS HOLME SCHOOL,3001 RYAN AVE,19152,(215) 400-3130,ELEMENTARY/MIDDLE,K-8,801,1,DISTRICT,449,88974.62109375,1262.22357627869
,,,,EL CENTRO DE ESTUDIANTES (BIG PICTURE),3360 FRANKFORD AVE,19134,(267) 687-1172,HIGH SCHOOL,9-12,146,1,CONTRACTED,450,2377.015625,278.818681053279
,,,,ESPERANZA ACADEMY CHARTER SCHOOL,301 W HUNTING PARK AVE,19140,(215) 457-3667,HIGH SCHOOL,9-12,2246,2,CHARTER,451,10938.78515625,579.99937490565
,,,EXCEL ACADEMY CENTRAL,EXCEL ACADEMY CENTRAL,201 E OLNEY AVE,19120,(215) 346-8970,HIGH SCHOOL,9-12,199,1,CONTRACTED,452,13668.359375,931.255565864745
126515001,,3210,FRANKLIN HIGH SCHOOL EOP,BEN FRANKLIN HIGH SCHOOL EOP,550 N BROAD ST,19130,(215) 400-7600,HIGH SCHOOL,9-12,211,1,DISTRICT,453,11938.203125,465.364958760512
,,,RE-ENGAGEMENT CENTER,RE-ENGAGEMENT CENTER,440 N BROAD ST,19130,(215) 400-6700,HIGH SCHOOL,9-12,1,1,DISTRICT,454,33046.55078125,742.739405228373
,,,STUDENT TRANSITION CENTER,STUDENT TRANSITION CENTER,440 N BROAD ST,19130,,ELEMENTARY/MIDDLE/HIGH,1-12,,1,DISTRICT,455,33046.55078125,742.739405228373
,,,UNIVERSAL VARE CHARTER SCHOOL,UNIVERSAL CHARTER SCHOOL AT VARE ,1901 S 23RD ST,19145,(215) 952-8611,MIDDLE SCHOOL,5-8,70,2,CHARTER,456,4095.13671875,266.086875507416
,,,YOUTHBUILD PHILADELPHIA CHARTER,YOUTHBUILD PHILADELPHIA CHARTER SCHOOL,2309 N BROAD ST,19132,(215) 627-8671,HIGH SCHOOL,12,286,2,CHARTER,457,1515.11328125,170.348324502696
,,,KIPP PHILADELPHIA ELEMENTARY ACADEMY,KIPP PHILADELPHIA ELEMENTARY ACADEMY,2409 W WESTMORELAND ST,19129,(267) 687-7283,ELEMENTARY SCHOOL,K-4,,2,CHARTER,458,11088.765625,544.804341974587
,,,KIPP PHILADELPHIA PREPARATORY ACADEMY,KIPP PHILADELPHIA PREPARATORY ACADEMY,2600 W CLEARFIELD ST,19132,(215) 227-1728,MIDDLE SCHOOL,5-8,845,2,CHARTER,459,11182.15234375,446.174512122277
126515001,7815,,KIPP WEST PHILADELPHIA PREPARATORY,KIPP WEST PHILADELPHIA PREPARATORY CHARTER SCHOOL,5900 BALTIMORE AVE,19143,(215) 294-2973,MIDDLE SCHOOL,5-8,,2,CHARTER,460,47956.20703125,1019.28796010832
,,,ANTHONY WAYNE ACADEMY,ANTHONY WAYNE ACADEMY,5538 WAYNE AVE,19144,(267) 297-7782,MIDDLE/HIGH,6-12,,3,PRIVATE,461,4753.52734375,304.211723839172
300513960,,,GREENE TOWNE SCHOOL INC,GREENE TOWNE SCHOOL INC.,55 N 22ND ST,19103,(215) 563-6368,ELEMENTARY SCHOOL,PREK-3,,3,PRIVATE,462,4428.90234375,290.028115356568
,,,POINCIANA MONTESSORI,POINCIANA MONTESSORI,6144 GERMANTOWN AVE,19144,(215) 975-0015,ELEMENTARY SCHOOL,K-5,,3,PRIVATE,463,2773.56640625,209.442650974095
,,,"GREENFIELD, ALBERT M. SCHOOL",ALBERT M. GREENFIELD SCHOOL,2200 CHESTNUT ST,19103,(215) 400-7810,ELEMENTARY/MIDDLE,K-8,757,1,DISTRICT,464,9721.203125,396.098115619504
,,,(TEMPORARY) AMY 5 AT JAMES MARTIN,ALTERNATIVE MIDDLE YEARS AT JAMES MARTIN,600 E THOMPSON ST,19125,(215) 400-7190,MIDDLE SCHOOL,6-8,208,1,DISTRICT,465,9303.828125,400.904239755018
,,,"HAMILTON, ANDREW SCHOOL",ANDREW HAMILTON SCHOOL,5640 SPRUCE ST,19139,(215) 400-7650,ELEMENTARY/MIDDLE,K-8,366,1,DISTRICT,466,15196.51171875,493.384160572582
,,,,PHILADELPHIA ACADEMY CHARTER SCHOOL,11000 ROOSEVELT BLVD,19116,(215) 676-8320,ELEMENTARY/MIDDLE/HIGH,K-8,1195,2,CHARTER,467,3304.578125,256.81634732312
,,,,PHILADELPHIA MONTESSORI CHARTER SCHOOL,2227 ISLAND AVE,19142,(215) 365-4011,ELEMENTARY SCHOOL,K-6,249,2,CHARTER,468,4673.96875,280.79180925176
,,,,ROBERT E. LAMBERTON SCHOOL,7501 WOODBINE AVE,19151,(215) 400-7530,ELEMENTARY/MIDDLE,K-8,362,1,DISTRICT,469,38423.17578125,802.738530662492
,,,,SOLOMON SOLIS-COHEN SCHOOL,7001 HORROCKS ST,19149,(215) 400-3250,ELEMENTARY SCHOOL,K-5,1354,1,DISTRICT,470,84974.82421875,1260.78151648342
,,,,SOUTHWEST LEADERSHIP ACADEMY CHARTER SCHOOL,7101 PASCHALL AVE,19142,(215) 729-1939,ELEMENTARY/MIDDLE,K-8,690,2,CHARTER,471,5048.0859375,343.178394661492
,,,,STEPHEN GIRARD SCHOOL,1800 SNYDER AVE,19145,(215) 400-8180,ELEMENTARY SCHOOL,K-5,304,1,DISTRICT,472,12886.52734375,466.786748550013
,,,STUDENT TRANSITION CENTER,THE ACADEMY OF CONTINUED EDUCATION SCHOOL,440 N BROAD ST,19130,,ELEMENTARY/MIDDLE/HIGH,K-12,,1,DISTRICT,473,33046.55078125,742.739405228373
,,,,THOMAS M. PEIRCE SCHOOL,2300 W CAMBRIA ST,19132,(215) 400-7020,ELEMENTARY SCHOOL,K-5,292,1,DISTRICT,474,7417.703125,350.463403310013
,,,,BETHEL BAPTIST ACADEMY,2080 CASTOR AVE,19134,(215) 426-1909,ELEMENTARY/MIDDLE/HIGH,PREK-12,,3,PRIVATE,475,1911.93359375,180.712873438132
,,,,COMMUNITY PARTNERSHIP SCHOOL,3033 W GLENWOOD AVE,19121,(215) 235-0461,ELEMENTARY SCHOOL,PREK-5,,3,PRIVATE,476,6034.71484375,321.186513770136
,,,,CORNERSTONE CHRISTIAN ACADEMY,1939 S 58TH ST,19143,(215) 724-6858,ELEMENTARY/MIDDLE,K-8,,3,PRIVATE,477,6148.59375,340.514622913923
,,,,DELTA SCHOOL,3380 BYBERRY RD,19154,(215) 637-8235,ELEMENTARY/MIDDLE/HIGH,K-12,,3,,478,15476.4296875,638.743883343007
,,,,HIGH ROAD SCHOOL OF PHILADELPHIA- GERMANTOWN,3150 GERMANTOWN AVE,19133,(267) 930-3606,MIDDLE/HIGH,7-12,,3,PRIVATE,479,5012.65625,325.600526704842
,,,,HIGH ROAD SCHOOL OF PHILADELPHIA- GERMANTOWN,5612 GREENE ST,19144,(267) 270-4665,MIDDLE/HIGH,6-12,,3,PRIVATE,480,16199.390625,608.05633415365
,,,,NEW OAKS ACADEMY,4200 MONUMENT ST,19131,(215) 581- 3879,UNGRADED,5-12,,3,PRIVATE,481,44333.65234375,844.266500377583
,,,,NORTHEAST CENTRAL CHRISTIAN SCHOOL,7200 ROOSEVELT BLVD,19149,(215) 624-8046,ELEMENTARY,K-5,,3,PRIVATE,482,18933.37109375,594.103842026013
,,,,PHILADELPHIA FREE SCHOOL,4950 SPRINGFIELD AVE,19143,(215) 218-9586,ELEMENTARY/MIDDLE/HIGH,PREK-12,,3,PRIVATE,483,1330.859375,161.821859667608
,,,,SPRINGSIDE CHESTNUT HILL ACADEMY,500 W WILLOW GROVE AVE,19118,(215) 247-4700,ELEMENTARY/MIDDLE/HIGH,PREK-12,,3,PRIVATE,484,129350.26171875,2723.74807611476
,,,,BELMONT CHARTER HIGH SCHOOL,311 N 19TH ST,19103,(267) 78-4121,HIGH SCHOOL,9-12,,2,CHARTER,485,2804.72265625,233.18852953484
,,,,BOYS LATIN OF PHILADELPHIA CHARTER SCHOOL,344 N FELTON ST,19139,(215) 387-5149,MIDDLE SCHOOL,6-8,,2,CHARTER,486,8907.64453125,378.083483727555
,,,,CHRISTOPHER COLUMBUS CHARTER SCHOOL (SOUTH),1242 S 13TH ST,19147,(215) 389-6000,MIDDLE SCHOOL,5-8,,2,CHARTER,487,2077.8046875,198.259595149142
,,,,ESPERANZA ACADEMY CHARTER SCHOOL,4261 N 5TH ST,19140,(267) 270-4044,MIDDLE SCHOOL,6-8,,2,CHARTER,488,25770.390625,737.702869520808
,,,,ESPERANZA ACADEMY CHARTER SCHOOL,201 W HUNTING PARK AVE,19140,(215) 999-0203,ELEMENTARY SCHOOL,K-5,,2,CHARTER,489,10125.23828125,416.244356483546
,,,,PHILADELPHIA PERFORMING ARTS CHARTER: STRING THEORY (E. CAMPUS),2407 S BROAD ST,19148,(215) 278-2460,ELEMENTARY SCHOOL,K-1,,2,CHARTER,490,1388.59375,150.664411859852
